-- Inserts para popular as tabelas do banco
-- Tabela Paciente
INSERT INTO Paciente (pac_nome, pac_datanasc, pac_cpf, pac_telefone, pac_datacadastro, pac_sexo, pac_num_prontuario, pac_cns, pac_nome_mae, pac_raca, pac_bairro, pac_num_casa, pac_logradouro, pac_cep, pac_uf, pac_municipio, pac_cod_ibge) VALUES
('João Silva', '1980-05-12', '12345678901', '11999999999', '2025-10-10 08:00:00', 1, 1001, '123456789012345', 'Maria Silva', 'Branca', 'Centro', '123', 'Rua das Flores', '01001000', 'SP', 'São Paulo', 3550308),
('Ana Souza', '1992-11-23', '23456789012', '21988888888', '2025-10-10 08:05:00', 0, 1002, '234567890123456', 'Clara Souza', 'Parda', 'Copacabana', '456', 'Avenida Atlântica', '22041001', 'RJ', 'Rio de Janeiro', 3304557),
('Carlos Pereira', '1975-03-30', '34567890123', '31977777777', '2025-10-10 08:10:00', 1, 1003, '345678901234567', 'Helena Pereira', 'Negra', 'Savassi', '789', 'Rua da Paz', '30140110', 'MG', 'Belo Horizonte', 3106200),
('Beatriz Lima', '1988-07-15', '45678901234', '41966666666', '2025-10-10 08:15:00', 0, 1004, '456789012345678', 'Juliana Lima', 'Amarela', 'Batel', '321', 'Rua Curitiba', '80240000', 'PR', 'Curitiba', 4106902),
('Pedro Alves', '2000-01-01', '56789012345', '51955555555', '2025-10-10 08:20:00', 1, 1005, '567890123456789', 'Sandra Alves', 'Indígena', 'Moinhos', '654', 'Rua dos Andradas', '90020000', 'RS', 'Porto Alegre', 4314902),
('Marina Costa', '1995-09-09', '67890123456', '61944444444', '2025-10-10 08:25:00', 0, 1006, '678901234567890', 'Patrícia Costa', 'Branca', 'Asa Sul', '987', 'SQN 308', '70350510', 'DF', 'Brasília', 5300108);

-- Tabela Convenio
INSERT INTO Convenio (con_tipo) VALUES
('SUS'),
('UNIMED'),
('IAMSPE'),
('Particular'),
('Bradesco Saúde'),
('SulAmérica'),
('CASSI'),
('Santa Casa Saúde');

-- Tabela Setor
INSERT INTO Setor (set_nome) VALUES
('UTI A'),
('Ala Convênios'),
('Ala Cirurgica SUS'),
('Ala Cirurgica Centro'),
('Ala Maternidade'),
('Ala Pediatria'),

-- Tabela Leito
INSERT INTO Leito (set_id, leito_identificacao) VALUES
(1, 'E01'),
(2, 'U01'),
(3, 'UP01'),
(4, 'IC01'),
(5, 'ICG01'),
(6, 'O01');

-- Tabela Carater
INSERT INTO Carater (car_tipo) VALUES
('Eletivo'),
('Urgência');
('Eletivo'),
('Urgência');
('Eletivo'),
('Urgência');

-- Tabela Instituicao
INSERT INTO Instituicao (inst_nome, inst_razao_social, inst_cnes, inst_cnpj) VALUES
('Hospital Central', 'Hospital Central S.A.', '1234567', '12345678000199'),
('Clínica Vida', 'Clínica Vida Ltda.', '2345678', '23456789000188'),
('Santa Casa', 'Santa Casa de Misericórdia', '3456789', '34567890000177'),
('Hospital Infantil', 'Hospital Infantil S.A.', '4567890', '45678900000166'),
('Hospital Regional', 'Hospital Regional Ltda.', '5678901', '56789010000155'),
('Clínica Saúde', 'Clínica Saúde Ltda.', '6789012', '67890120000144');

-- Tabela Usuario
INSERT INTO Usuario (usu_nome, usu_documento, usu_email, usu_senha, usu_datacriacao, inst_id, usu_telefone, usu_foto, usu_biometria, usu_tipo, usu_status) VALUES
('Paulo Mendes', '123456789', 'paulo@hospital.com', 'senha123', '2025-10-10 09:00:00', 1, '11999999999', 'paulomendes.png', NULL, 'Médico', 1),
('Carla Dias', '987654321', 'carla@hospital.com', 'senha456', '2025-10-10 09:05:00', 2, '21988888888', 'carladias.png', NULL, 'Médico', 1),
('Lucas Rocha', '456789123', 'lucas@hospital.com', 'senha789', '2025-10-10 09:10:00', 3, '31977777777', 'lucasrocha.png', NULL, 'Administrador', 1),
('Fernanda Alves', '789123456', 'fernanda@hospital.com', 'senha321', '2025-10-10 09:15:00', 4, '41966666666', 'fernandaalves.png', NULL, 'Médico', 1),
('João Lima', '321654987', 'joao@hospital.com', 'senha654', '2025-10-10 09:20:00', 5, '51955555555', 'joaolima.png', NULL, 'Faturista', 1),
('Marina Costa', '654987321', 'marina@hospital.com', 'senha987', '2025-10-10 09:25:00', 6, '61944444444', 'marinacosta.png', NULL, 'Médico', 1);

-- Tabela Medico
INSERT INTO Medico (med_crm) VALUES
('1234567'),
('2345678'),
('3456789'),
('4567890'),
('5678901'),
('6789012');

-- Tabela Atendimento
INSERT INTO Atendimento (pac_id, con_id, leito_id, car_id, med_id, atend_data) VALUES
(1, 1, 1, 1, 1, '2025-10-10 10:00:00'),
(2, 2, 2, 2, 2, '2025-10-10 10:10:00'),
(3, 3, 3, 3, 3, '2025-10-10 10:20:00'),
(4, 4, 4, 4, 4, '2025-10-10 10:30:00'),
(5, 5, 5, 5, 5, '2025-10-10 10:40:00'),
(6, 6, 6, 6, 6, '2025-10-10 10:50:00');

-- Tabela Logs_Acao
INSERT INTO Logs_Acao (usu_id, log_acao, log_detalhe, log_datahora) VALUES
(1, 'Login', 'Acesso ao sistema', '2025-10-10 11:00:00'),
(2, 'Cadastro Paciente', 'Paciente inserido', '2025-10-10 11:05:00'),
(3, 'Alteração Prontuário', 'Prontuário alterado', '2025-10-10 11:10:00'),
(4, 'Saída do sistema', 'Logout', '2025-10-10 11:15:00'),
(5, 'Cadastro Atendimento', 'Atendimento inserido', '2025-10-10 11:20:00'),
(6, 'Cadastro Médico', 'Médico inserido', '2025-10-10 11:25:00');

-- Tabela Mensagem_Chat
INSERT INTO Mensagem_Chat (usu_id_remetente, usu_id_destinatario, msg_conteudo, msg_arqanexo, msg_datahoraenvio, msg_status, msg_resposta) VALUES
(1, 2, 'Olá, Carla!', NULL, '2025-10-10 12:00:00', 'Enviada', NULL),
(2, 1, 'Oi, Paulo!', NULL, '2025-10-10 12:05:00', 'Lida', 1),
(3, 4, 'Fernanda, reunião às 14h.', NULL, '2025-10-10 12:10:00', 'Enviada', NULL),
(4, 3, 'Ok, Lucas!', NULL, '2025-10-10 12:15:00', 'Lida', 3),
(5, 6, 'Marina, paciente novo.', NULL, '2025-10-10 12:20:00', 'Enviada', NULL),
(6, 5, 'Recebido, João.', NULL, '2025-10-10 12:25:00', 'Lida', 5);

-- Tabela Escolha_Clinica
INSERT INTO Escolha_Clinica (cli_descricao) VALUES
('Médica'),
('Cirúrgica'),
('Pediátrica'),
('Obstétrica');
('Médica'),
('Cirúrgica'),

-- Tabela Procedimento
INSERT INTO Procedimento (pro_codigo, pro_descricao) VALUES
('0401020010', 'ENXERTO COMPOSTO'),
('0401020029', 'ENXERTO DERMO-EPIDÉRMICO'),
('0401020037', 'ENXERTO LIVRE DE PELE TOTAL'),
('0401020045', 'EXCISÃO E ENXERTO DE PELE (HEMANGIOMA, NEVUS OU TUMOR )'),
('0401020053', 'EXCISÃO E SUTURA DE LESAO NA PELE C/ PLÁSTICA EM Z OU ROTAÇÃO DE RETALHO'),
('0401020061', 'EXÉRESE DE CISTO BRANQUIAL'),
('0401020070', 'EXÉRESE DE CISTO DERMOIDE'),
('0401020088', 'EXÉRESE DE CISTO SACRO-COCCIGEO'),
('0401020096', 'EXÉRESE DE CISTO TIREOGLOSSO'),
('0401020100', 'EXTIRPAÇÃOE SUPRESSÃO DE LESÃO DE PELE E DE TECIDO CELULAR SUBCUTÂNEO'),
('0401020118', 'HOMOENXERTIA (ATO CIRÚRGICO PRE E PÓS-OPERATÓRIO)'),
('0401020126', 'TRATAMENTO CIRURGICO DE ESCALPO PARCIAL'),
('0401020134', 'TRATAMENTO CIRURGICO DE ESCALPO TOTAL'),
('0401020142', 'TRATAMENTO CIRÚRGICO DE HIPERCERATOSE PLANTAR COM (CORREÇÃO PLÁSTICA)'),
('0401020150', 'TRATAMENTO CIRÚRGICO DO SINUS PRÉ-AURICULAR'),
('0401020169', 'TRATAMENTO EM ESTÁGIOS SUBSEQUENTES DE ENXERTIA'),
('0402010019', 'EXTIRPAÇÃO DE BÓCIO INTRATORÁCICO POR VIA TRANSESTERNAL'),
('0402010027', 'PARATIREOIDECTOMIA'),
('0402010035', 'TIREOIDECTOMIA PARCIAL'),
('0402010043', 'TIREOIDECTOMIA TOTAL'),
('0402010051', 'TIREOIDECTOMIA TOTAL COM ESVAZIAMENTO GANGLIONAR'),
('0402020014', 'SUPRARRENALECTOMIA BILATERAL'),
('0402020022', 'SUPRARRENALECTOMIA UNILATERAL'),
('0403010012', 'CRANIOPLASTIA'),
('0403010020', 'CRANIOTOMIA DESCOMPRESSIVA'),
('0403010039', 'CRANIOTOMIA DESCOMPRESSIVA DA FOSSA POSTERIOR'),
('0403010047', 'CRANIOTOMIA PARA RETIRADA DE CISTO / ABSCESSO / GRANULOMA ENCEFALICO'),
('0403010055', 'CRANIOTOMIA PARA RETIRADA DE CISTO / ABSCESSO / GRANULOMA ENCEFÁLICO (COM TÉCNICA COMPLEMENTAR)'),
('0403010063', 'CRANIOTOMIA PARA RETIRADA DE CORPO ESTRANHO INTRACRANIANO'),
('0403010071', 'CRANIOTOMIA PARA RETIRADA DE CORPO ESTRANHO INTRACRANIANO (COM TÉCNICA COMPLEMENTAR)'),
('0403010080', 'DERIVAÇÃO RAQUE-PERITONEAL'),
('0403010098', 'DERIVAÇÃO VENTRICULAR EXTERNAR-SUBGALEAL EXTERNA'),
('0403010101', 'DERIVAÇÃO VENTRICULAR PARA PERITÔNEO / ÁTRIO / PLEURA / RAQUE'),
('0403010110', 'DESCOMPRESSÃO DE ÓRBITA POR DOENÇA OU TRAUMA'),
('0403010128', 'MICROCIRURGIA CEREBRAL ENDOSCOPICA'),
('0403010136', 'MICROCIRURGIA DA SIRINGOMIELIA'),
('0403010144', 'RECONSTRUCAO CRANIANA / CRANIO-FACIAL'),
('0403010152', 'RESSECÇÃO DE MUCOCELE FRONTAL'),
('0403010160', 'RETIRADA DE DERIVAÇÃO VENTRICULAR PARA PERITONEO / ÁTRIO / PLEURA / RAQUE'),
('0403010179', 'RETIRADA DE PLACA DE CRANIOPLASTIA'),
('0403010187', 'REVISÃO DE DERIVAÇÃO VENTRICULAR PARA PERITÔNEO / ÁTRIO / PLEURA / RAQUE'),
('0403010195', 'TRATAMENTO CIRURGICO DE ABSCESSO INTRACRANIANO'),
('0403010209', 'TRATAMENTO CIRÚRGICO DE CRANIOSSINOSTOSE COM SUTURA ÚNICA'),
('0403010217', 'TRATAMENTO CIRÚRGICO DE CRANIOSSINOSTOSE COMPLEXA'),
('0403010225', 'TRATAMENTO CIRÚRGICO DE DISRAFISMO ABERTO'),
('0403010233', 'TRATAMENTO CIRÚRGICO DE DISRAFISMO OCULTO'),
('0403010241', 'TRATAMENTO CIRÚRGICO DE FÍSTULA LIQUORICA CRANIANA'),
('0403010250', 'TRATAMENTO CIRÚRGICO DE FISTULA LIQUORICA RAQUIDIANA'),
('0403010268', 'TRATAMENTO CIRURGICO DE FRATURA DO CRANIO COM AFUNDAMENTO'),
('0403010276', 'TRATAMENTO CIRURGICO DE HEMATOMA EXTRADURAL'),
('0403010284', 'TRATAMENTO CIRURGICO DE HEMATOMA INTRACEREBRAL'),
('0403010292', 'TRATAMENTO CIRURGICO DE HEMATOMA INTRACEREBRAL (COM TECNICA COMPLEMENTAR)'),
('0403010306', 'TRATAMENTO CIRURGICO DE HEMATOMA SUBDURAL AGUDO'),
('0403010314', 'TRATAMENTO CIRURGICO DE HEMATOMA SUBDURAL CRONICO'),
('0403010322', 'TRATAMENTO CIRÚRGICO DE OSTEOMIELITE DO CRÂNIO'),
('0403010330', 'TRATAMENTO CIRÚRGICO DE PLATIBASIA E MALFORMAÇÃO DE ARNOLD CHIARI'),
('0403010357', 'TREPANAÇÃO CRANIANA PARA PUNÇÃO OU BIÓPSIA (COM TÉCNICA COMPLEMENTAR)'),
('0403010365', 'TREPANAÇÃO CRANIANA PARA PUNÇÃO OU BIÓPSIA'),
('0403010390', 'DRENAGEM LIQUÓRICA LOMBAR EXTERNA'),
('0403020018', 'ENXERTO MICROCIRURGICO DE NERVO PERIFERICO (2 OU MAIS NERVOS)'),
('0403020026', 'ENXERTO MICROCIRÚRGICO DE NERVO PERIFÉRICO (ÚNICO NERVO)'),
('0403020034', 'MICROCIRURGIA DE PLEXO BRAQUIAL COM EXPLORAÇÃO E NEUROLISE'),
('0403020042', 'MICROCIRURGIA DE PLEXO BRAQUIAL COM MICROENXERTIA'),
('0403020050', 'MICRONEUROLISE DE NERVO PERIFERICO'),
('0403020069', 'MICRONEURORRAFIA'),
('0403020077', 'NEUROLISE NAO FUNCIONAL DE NERVOS PERIFERICOS'),
('0403020085', 'NEURORRAFIA'),
('0403020093', 'NEUROTOMIA SELETIVA DE TRIGEMEO E OUTROS NERVOS CRANIANOS'),
('0403020107', 'TRANSPOSICAO DO NERVO CUBITAL'),
('0403020115', 'TRATAMENTO CIRÚRGICO DE NEUROPATIA COMPRESSIVA COM OU SEM MICROCIRÚRGIA'),
('0403020123', 'TRATAMENTO CIRURGICO DE SINDROME COMPRESSIVA EM TUNEL OSTEO-FIBROSO AO NIVEL DO CARPO'),
('0403020131', 'TRATAMENTO MICROCIRÚRGICO DE TUMOR DE NERVO PERIFÉRICO / NEUROMA'),
('0403030013', 'CRANIOTOMIA PARA BIOPSIA ENCEFÁLICA'),
('0403030021', 'CRANIOTOMIA PARA BIOPSIA ENCEFALICA (COM TÉCNICA COMPLEMENTAR)'),
('0403030030', 'CRANIOTOMIA PARA RETIRADA DE TUMOR CEREBRAL INCLUSIVO DA FOSSA POSTERIOR'),
('0403030048', 'CRANIOTOMIA PARA RETIRADA DE TUMOR INTRACRANIANO'),
('0403030056', 'CRANIECTOMIA POR TUMOR OSSEO'),
('0403030064', 'HIPOFISECTOMIA TRANSESFENOIDAL POR TECNICA COMPLEMENTAR'),
('0403030080', 'MICROCIRURGIA DE TUMOR INTRADURAL E EXTRAMEDULAR'),
('0403030099', 'MICROCIRURGIA DE TUMOR MEDULAR COM TECNICA COMPLEMENTAR'),
('0403030102', 'MICROCIRURGIA DE TUMOR MEDULAR'),
('0403030110', 'MICROCIRURGIA PARA BIOPSIA DE MEDULA ESPINHAL OU RAIZES'),
('0403030129', 'MICROCIRURGIA PARA TUMOR DA BASE DO CRANIO'),
('0403030137', 'MICROCIRURGIA PARA TUMOR DE ÓRBITA'),
('0403030145', 'MICROCIRURGIA PARA TUMOR INTRACRANIANO'),
('0403030153', 'MICROCIRURGIA PARA TUMOR INTRACRANIANO (COM TÉCNICA COMPLEMENTAR)'),
('0403030161', 'RESSECÇÃO DE TUMOR RAQUIMEDULAR EXTRADURAL'),
('0403040019', 'ANASTOMOSE VASCULAR EXTRA / INTRACRANIANA'),
('0403040027', 'DESCOMPRESSÃO NEUROVASCULAR DE NERVOS CRANIANOS'),
('0403040051', 'MICROCIRURGIA PARA MALFORMAÇÃO ARTÉRIO-VENOSA CEREBRAL'),
('0403040060', 'MICROCIRURGIA PARA MALFORMAÇÃO ARTERIO-VENOSA CEREBRAL PROFUNDA'),
('0403040078', 'MICROCIRURGIA VASCULAR INTRACRANIANA (COM TÉCNICA COMPLEMENTAR)'),
('0403040086', 'TRATAMENTO CIRÚRGICO DE FÍSTULA CAROTÍDEO-CAVERNOSA'),
('0403040094', 'MICROCIRURGIA PARA ANEURISMA DA CIRCULAÇÃO CEREBRAL ANTERIOR MAIOR QUE 1,5 CM'),
('0403040108', 'MICROCIRURGIA PARA ANEURISMA DA CIRCULAÇÃO CEREBRAL POSTERIOR MAIOR QUE 1,5 CM'),
('0403040116', 'MICROCIRURGIA P/ARA ANEURISMA DA CIRCULAÇÃO CEREBRAL ANTERIOR MENOR QUE 1,5 CM'),
('0403040124', 'MICROCIRURGIA PARA ANEURISMA DA CIRCULAÇÃO CEREBRAL POSTERIOR MENOR QUE 1,5 CM'),
('0403050030', 'BLOQUEIOS PROLONGADOS DE SISTEMA NERVOSO PERIFÉRICO / CENTRAL COM BOMBA DE INFUSÃO'),
('0403050049', 'CORDOTOMIA / MIELOTOMIA POR RADIOFREQUENCIA'),
('0403050057', 'IMPLANTE INTRATECAL DE BOMBA DE INFUSÃO DE FÁRMACOS'),
('0403050065', 'MICROCIRURGIA COM CORDOTOMIA / MIELOTOMIA A CÉU ABERTO'),
('0403050073', 'MICROCIRURGIA COM RIZOTOMIA A CÉU ABERTO'),
('0403050090', 'RIZOTOMIA PERCUTANEA COM BALÃO'),
('0403050103', 'RIZOTOMIA / NEUROTOMIA PERCUTÂNEA POR RADIOFREQUÊNCIA'),
('0403050111', 'SIMPATECTOMIA LOMBAR A CÉU ABERTO'),
('0403050120', 'SIMPATECTOMIA LOMBAR VIDEOCIRURGICA'),
('0403050138', 'SIMPATECTOMIA TORACICA A CÉU ABERTO'),
('0403050146', 'SIMPATECTOMIA TORÁCICA VIDEOCIRÚRGICA'),
('0403050154', 'TRATAMENTO DE LESAO DO SISTEMA NEUROVEGETATIVO POR AGENTES QUIMICOS'),
('0403050162', 'TRATAMENTO ABLATIVO POR ESTEREOTAXIA EM ESTRUTURA PROFUNDA DE SNC PARA TRATATAMENTO DE MOVIMENTOS ANORMAIS OU CONTROLE DA DOR'),
('0403060010', 'EXPLORAÇÃO DIAGNÓSTICA CIRÚRGICA PARA IMPLANTAÇÃO BILATERAL DE ELETRODOS SUBDURAIS (INCLUI VÍDEO-ELETROENCEFALOGRAMA)'),
('0403060028', 'EXPLORAÇÃO DIAGNÓSTICA CIRÚRGICA PARA IMPLANTAÇÃO UNILATERAL DE ELETRODOS SUBDURAIS (INCLUI VIDEO-ELETROENCEFALOGRAMA)'),
('0403060036', 'MICROCIRURGIA PARA LESIONECTOMIA COM MONITORAMENTO INTRAOPERATÓRIO'),
('0403060044', 'MICROCIRURGIA PARA LESIONECTOMIA SEM MONITORAMENTO INTRA-OPERATÓRIO'),
('0403060052', 'MICROCIRURGIA PARA LOBÉCTOMIA TEMPORAL / AMIGDALO-HIPOCAMPECTOMIA SELETIVA'),
('0403060060', 'MICROCIRURGIA PARA RESSECCAO MULTILOBAR / HEMISFERECTOMIA / CALOSOTOMIA'),
('0403060079', 'MICROCIRURGIA PARA RESSECÇÃO UNILOBAR EXTRATEMPORAL COM MONITORAMENTO INTRAOPERATORIO'),
('0403060087', 'MICROCIRURGIA PARA RESSECCAO UNILOBAR EXTRATEMPORAL SEM MONITORAMENTO INTRA-OPERATORIO'),
('0403060095', 'TRANSECÇÕES SUB-PIAIS MULTIPLAS EM AREAS ELOQUENTES'),
('0403070015', 'ANGIOPLASTIA INTRACRANIANA EM VASO-ESPASMO'),
('0403070040', 'EMBOLIZAÇÃO DE ANEURISMA CEREBRAL MAIOR QUE 1,5 CM COM COLO ESTREITO'),
('0403070058', 'EMBOLIZAÇÃO DE ANEURISMA CEREBRAL MAIOR QUE 1,5 CM COM COLO LARGO'),
('0403070082', 'EMBOLIZAÇÃO DE FISTULA ARTERIO-VENOSA DA CABEÇA E PESCOÇO'),
('0403070090', 'EMBOLIZAÇÃO DE FÍSTULA CAROTIDO-CAVERNOSA DIRETAS'),
('0403070104', 'EMBOLIZAÇÃO DE MALFORMAÇÃO ARTERIO-VENOSA DURAL COMPLEXA DO SISTEMA NERVOSO CENTRAL'),
('0403070112', 'EMBOLIZAÇÃO DE MALFORMAÇÃO ARTERIO-VENOSA DURAL SIMPLES DO SISTEMA NERVOSO CENTRAL'),
('0403070120', 'EMBOLIZAÇÃO DE MALFORMAÇÃO ARTERIO-VENOSA INTRAPARENQUIMATOSA DO SISTEMA NERVOSO CENTRAL'),
('0403070139', 'EMBOLIZAÇÃO DE TUMOR INTRA-CRANIANO OU DA CABEÇA E PESCOÇO'),
('0403070147', 'TRATAMENTO DE ANEURISMA GIGANTE POR OCLUSÃO DO VASO PORTADOR'),
('0403070155', 'EMBOLIZAÇÃO DE ANEURISMA CEREBRAL MENOR QUE 1,5 CM COM COLO ESTREITO'),
('0403070163', 'EMBOLIZAÇÃO DE ANEURISMA CEREBRAL MENOR DO QUE 1,5 CM COM COLO LARGO'),
('0403070171', 'TRATAMENTO DO ACIDENTE VASCULAR CEREBRAL ISQUÊMICO AGUDO COM TROMBECTOMIA MECÂNICA'),
('0403080010', 'IMPLANTE DE ELETRODO PARA ESTIMULAÇÃO CEREBRAL'),
('0403080029', 'IMPLANTE DE GERADOR DE PULSOS P/ARA ESTIMULAÇÃO CEREBRAL (INCLUI CONECTOR)'),
('0403080037', 'IMPLANTE INTRAVENTRICULAR DE BOMBA DE INFUSÃO DE FARMACOS'),
('0403080045', 'MIECTOMIA SUPERSELETIVA'),
('0403080053', 'NEUROTOMIA SUPERSELETIVA PARA MOVIMENTOS ANORMAIS'),
('0403080061', 'NUCLEOTRACTOMIA TRIGEMINAL E/OU ESPINAL'),
('0403080070', 'TRATAMENTO DE DOR POR ESTEREOTAXIA'),
('0403080088', 'TRATAMENTO DE MOVIMENTO ANORMAL POR ESTEREOTAXIA'),
('0403080096', 'TRATAMENTO DE MOVIMENTO ANORMAL POR ESTEREOTAXIA COM MICRO-REGISTRO'),
('0403080100', 'TROCA DE GERADOR DE PULSOS PARA ESTIMULAÇÃO CEREBRAL'),
('0404010016', 'ADENOIDECTOMIA'),
('0404010024', 'AMIGDALECTOMIA'),
('0404010032', 'AMIGDALECTOMIA COM ADENOIDECTOMIA'),
('0404010040', 'ANTROTOMIA DA MASTOIDE (DRENAGEM DE OTITE NO LACTENTE)'),
('0404010067', 'DRENAGEM DE ABSCESSO PERIAMIGDALIANO'),
('0404010083', 'DRENAGEM DO SACO ENDO-LINFATICO - SHUNT (C/ AUDICAO POR VIA TRANSMASTOIDEA)'),
('0404010105', 'ESTAPEDECTOMIA'),
('0404010113', 'EXÉRESE DE PAPILOMA EM LARINGE'),
('0404010121', 'EXÉRESE DE TUMOR DE VIAS AEREAS SUPERIORES, FACE E PESCOÇO'),
('0404010130', 'EXTIRPAÇÃO DE TUMOR DO CAVUM E FARINGE'),
('0404010148', 'IMPLANTE COCLEAR'),
('0404010164', 'LABIRINTECTOMIA MEMBRANOSA / ÓSSEA COM OU SEM AUDIÇÃO'),
('0404010172', 'LARINGECTOMIA PARCIAL'),
('0404010180', 'LARINGECTOMIA TOTAL'),
('0404010199', 'LARINGECTOMIA TOTAL COM ESVAZIAMENTO CERVICAL'),
('0404010202', 'LARINGORRAFIA'),
('0404010210', 'MASTOIDECTOMIA RADICAL'),
('0404010229', 'MASTOIDECTOMIA SUBTOTAL'),
('0404010237', 'MICROCIRURGIA OTOLOGICA'),
('0404010288', 'RESSECÇÃO DE GLOMO TIMPANICO'),
('0404010318', 'RETIRADA DE CORPO ESTRANHO DE OUVIDO / FARINGE / LARINGE / NARIZ'),
('0404010326', 'SINUSOTOMIA BILATERAL'),
('0404010334', 'SINUSOTOMIA ESFENOIDAL'),
('0404010350', 'TIMPANOPLASTIA (UNI / BILATERAL)'),
('0404010377', 'TRAQUEOSTOMIA'),
('0404010385', 'TRATAMENTO CIRÚRGICO DE ESTENOSE DO CONDUTO AUDITIVO'),
('0404010407', 'TRATAMENTO CIRÚRGICO DE RINITE CRONICA (OZENA)'),
('0404010415', 'TURBINECTOMIA'),
('0404010431', 'ARITENOIDECTOMIA COM LARINGOFISSURA'),
('0404010458', 'LARINGOFISSURA PARA COLOCAÇÃO DE MOLDE NOS TRAUMATISMOS DE LARINGE'),
('0404010466', 'PAROTIDECTOMIA PARCIAL OU SUBTOTAL'),
('0404010474', 'PLÁSTICA DO CANAL DE STENON'),
('0404010482', 'SEPTOPLASTIA PARA CORREÇÃO DE DESVIO'),
('0404010490', 'TRATAMENTO CIRÚRGICO DE IMPERFURAÇÃO COANAL (UNI / BILATERAL)'),
('0404010504', 'TRATAMENTO CIRÚRGICO DE PERFURAÇÃO DO SEPTO NASAL'),
('0404010512', 'SINUSOTOMIA TRANSMAXILAR'),
('0404010520', 'SEPTOPLASTIA REPARADORA NÂO ESTÉTICA'),
('0404010539', 'RESSECÇÃO DE TUMOR DO ACÚSTICO (PELA FOSSA MEDIA)'),
('0404010547', 'RESSECÇÃO DO GLOMO JUGULAR'),
('0404010555', 'TRATAMENTO CIRÚRGICO DE RINOFIMA'),
('0404010563', 'TIREOPLASTIA'),
('0404010571', 'CIRURGIA DE IMPLANTE COCLEAR UNILATERAL'),
('0404010580', 'CIRURGIA DE IMPLANTE COCLEAR BILATERAL'),
('0404010598', 'CIRURGIA PARA REVISÃO DO IMPLANTE COCLEAR SEM DISPOSITIVO INTERNO DO IMPLANTE COCLEAR'),
('0404010601', 'CIRURGIA PARA PRÓTESE AUDITIVA ANCORADA NO OSSO - 1º TEMPO'),
('0404010610', 'CIRURGIA PARA PRÓTESE AUDITIVA ANCORADA NO OSSO - 2º TEMPO'),
('0404010628', 'CIRURGIA PARA PRÓTESE AUDITIVA ANCORADA NO ÓSSO UNILATERAL  TEMPO ÚNICO'),
('0404010636', 'CIRURGIA PARA REVISÃO DA PRÓTESE AUDITIVA ANCORADA NO OSSO'),
('0404010644', 'CIRURGIA PARA REIMPLANTAÇÃO DA PRÓTESE AUDITIVA ANCORADA NO ÓSSO'),
('0404010652', 'CIRURGIA PARA PRÓTESE AUDITIVA ANCORADA NO ÓSSO BILATERAL - TEMPO ÚNICO'),
('0404020011', 'ALONGAMENTO DE COLUMELA'),
('0404020038', 'CORREÇÃO CIRÚRGICA DE FÍSTULA ORO-NASAL / ORO-SINUSAL'),
('0404020046', 'CORREÇÃO CIRÚRGICA DE FÍSTULA SALIVAR COM RETALHO'),
('0404020062', 'ENXERTO TOTAL / PARCIAL INTRATEMPORAL DE NERVO FACIAL'),
('0404020070', 'RESSECÇÃO DE GLÂNDULA SALIVAR'),
('0404020089', 'EXCISÃO DE RÂNULA OU FENÔMENO DE RETENÇÃO SALIVAR'),
('0404020119', 'EXCISÃO PARCIAL DE LÁBIO COM ENXERTO LIVRE / ROTAÇÃO DE RETALHO'),
('0404020135', 'EXPLORAÇÃO/ DESCOMPRESSÃO TOTAL / PARCIAL DO NERVO FACIAL'),
('0404020143', 'GLOSSECTOMIA PARCIAL'),
('0404020178', 'MAXILECTOMIA PARCIAL'),
('0404020208', 'LABIOPLASTIA PARA REDUÇÃO OU CORREÇÃO DA HIPERTROFIA DO LÁBIO'),
('0404020224', 'RECONSTRUÇÃO TOTAL DE CAVIDADE ORBITÁRIA'),
('0404020232', 'RECONSTRUÇÃO TOTAL OU PARCIAL DE LÁBIO'),
('0404020240', 'RECONSTRUÇÃO TOTAL OU PARCIAL DE NARIZ'),
('0404020275', 'RESSECÇÃO DE LESÃO MALIGNA E BENIGNA DA REGIÃO CRANIO E BUCOMAXILOFACIAL'),
('0404020291', 'RESSECÇÃO DO CÔNDILO MANDIBULAR COM OU SEM RECONSTRUÇÃO'),
('0404020313', 'RETIRADA DE CORPO ESTRANHO DOS OSSOS DA FACE'),
('0404020321', 'RINOPLASTIA PARA DEFEITOS PÓS-TRAUMÁTICOS'),
('0404020348', 'TRATAMENTO CIRÚRGICO DE ATRESIA NARINÁRIA'),
('0404020356', 'TRATAMENTO CIRÚRGICO DE FÍSTULA E CISTOS ORO-MAXILARES'),
('0404020380', 'TRATAMENTO CIRÚRGICO DE OSTEOMIELITE DE OSSOS DA FACE'),
('0404020399', 'TRATAMENTO CIRÚRGICO DE PARALISIA FACIAL (SUSPENSÃO DE HEMIFACE)'),
('0404020429', 'TRATAMENTO CIRÚRGICO DO SOALHO DA ÓRBITA'),
('0404020453', 'OSTEOTOMIA DA MAXILA'),
('0404020461', 'OSTEOTOMIA DA MANDIBULA'),
('0404020470', 'RECONSTRUÇÃO DO SULCO GENGIVO-LABIAL'),
('0404020488', 'OSTEOTOMIA DAS FRATURAS ALVEOLO-DENTÁRIAS'),
('0404020496', 'OSTEOSSÍNTESE DE FRATURA UNILATERAL DO CÔNDILO MANDIBULAR'),
('0404020500', 'OSTEOSSÍNTESE DA FRATURA COMPLEXA DA MANDÍBULA'),
('0404020518', 'OSTEOSSÍNTESE DE FRATURA COMPLEXA DA MAXILA'),
('0404020526', 'OSTEOSSINTESE DE FRATURA DO COMPLEXO ÓRBITO-ZIGOMÁTICO-MAXILAR'),
('0404020534', 'OSTEOSSÍNTESE DE FRATURA DO COMPLEXO NASO-ÓRBITO-ETMOIDAL'),
('0404020542', 'REDUÇÃO CIRÚRGICA DE FRATURA DOS OSSOS PRÓPRIOS DO NARIZ'),
('0404020550', 'OSTEOSSÍNTESE DE FRATURA SIMPLES DE MANDÍBULA'),
('0404020569', 'ARTROPLASTIA DA ARTICULAÇÃO TÊMPORO-MANDIBULAR (RECIDIVANTE OU NÃO)'),
('0404020577', 'REDUÇÃO DE FRATURA ALVEOLO-DENTÁRIA SEM OSTEOSSÍNTESE'),
('0404020585', 'REDUÇÃO DE FRATURA DA MAXILA - LE FORT I SEM OSTEOSSÍNTESE.'),
('0404020593', 'REDUÇÃO DE FRATURA DA MAXILA - LE FORT II, SEM OSTEOSSÍNTESE'),
('0404020607', 'REDUÇÃO DE FRATURA DA MANDÍBULA SEM OSTEOSSINTESE.'),
('0404020640', 'TRATAMENTO CIRÚRGICO DE ANQUILOSE DA ARTICULAÇÃO TÊMPORO-MANDIBULAR'),
('0404020658', 'TRATAMENTO CIRÚRGICO DE OSTEOMA, ODONTOMA /OUTRAS LESÕES ESPECIFICADAS'),
('0404020666', 'TRATAMENTO CIRÚRGICO DE FRATURA DO OSSO ZIGOMATICO SEM OSTEOSSÍNTESE'),
('0404020690', 'OSTEOTOMIA CRÂNIO-FACIAL'),
('0404020704', 'OSTEOSSÍNTESE DA FRATURA DO OSSO ZIGOMÁTICO'),
('0404020712', 'ELEVAÇÃO DO ASSOALHO DO SEIO MAXILAR'),
('0404020720', 'OSTEOSSÍNTESE DE FRATURA BILATERAL DO CÔNDILO MANDIBULAR'),
('0404020739', 'RECONSTRUÇÃO PARCIAL DE MANDÍBULA / MAXILA'),
('0404020771', 'RESSECÇÃO DE LESÃO DA BOCA'),
('0404020780', 'RECONSTRUÇÃO TOTAL DE MANDÍBULA/MAXILA'),
('0404020798', 'OSTEOTOMIA DA MANDÍBULA PARA DISTRAÇÃO OSTEOGÊNICA MANDIBULAR'),
('0404030017', 'ALONGAMENTO DE COLUMELA EM PACIENTE COM ANOMALIAS CRÂNIO E BUCOMAXILOFACIAL'),
('0404030033', 'OSTEOTOMIA DE MAXILA EM PACIENTES COM ANOMALIA CRANIO E BUCOMAXILOFACIAL'),
('0404030041', 'MICROCIRURGIA OTOLÓGICA EM PACIENTE COM ANOMALIA CRÂNIO E BUCOMAXILOFACIAL'),
('0404030050', 'OSTEOTOMIA DA MANDÍBULA EM PACIENTE COM ANOMALIA CRÂNIO E BUCOMAXILOFACIAL'),
('0404030068', 'OSTEOPLASTIA DO MENTO COM OU SEM IMPLANTE ALOPLÁSTICO'),
('0404030076', 'LABIOPLASTIA UNILATERAL EM DOIS TEMPOS'),
('0404030084', 'ALVEOLOPLASTIA COM ENXERTO ÓSSEO EM PACIENTE COM ANOMALIA CRÂNIOFACIAL'),
('0404030106', 'PALATOPLASTIA PRIMÁRIA EM PACIENTE COM ANOMALIA CRÂNIO E BUCOMAXILOFACIAL'),
('0404030122', 'LABIOPLASTIA SECUNDÁRIA EM PACIENTE COM ANOMALIA CRÂNIO E BUCOMAXILOFACIAL'),
('0404030130', 'RINOSEPTOPLASTIA EM PACIENTE COM ANOMALIA CRÂNIO E BUCOMAXILOFACIAL'),
('0404030157', 'RECONSTRUÇÃO TOTAL DE LÁBIO EM PACIENTE COM ANOMALIA CRÂNIO E BUCOMAXILOFACIAL'),
('0404030165', 'RINOPLASTIA EM PACIENTE COM ANOMALIA CRÂNIO E BUCOMAXILOFACIAL'),
('0404030173', 'SEPTOPLASTIA EM PACIENTE COM ANOMALIA CRÂNIO E BUCOMAXILOFACIAL'),
('0404030190', 'TIMPANOPLASTIA EM PACIENTE COM ANOMALIA CRÂNIO E BUCOMAXILOFACIAL (UNI / BILATERAL)'),
('0404030220', 'IMPLANTE OSTEOINTEGRADO EXTRA-ORAL BUCO-MAXILO-FACIAL'),
('0404030246', 'TRATAMENTO CIRÚRGICO DE FÍSTULA ORO-SINUSAL EM PACIENTE COM ANOMALIA CRÂNIO E BUCOMAXILOFACIAL'),
('0404030254', 'TRATAMENTO CIRÚRGICO DE FÍSTULAS ORONASAIS EM PACIENTE COM ANOMALIA CRÂNIO E BUCOMAXILOFACIAL'),
('0404030262', 'PALATOPLASTIA SECUNDÁRIA EM PACIENTE COM ANOMALIA CRÂNIO E BUCOMAXILOFACIAL'),
('0404030270', 'TRATAMENTO CIRÚRGICO DA INSUFICIÊNCIA VELOFARÍNGEA EM PACIENTE COM ANOMALIA CRÂNIO E BUCOMAXILOFACIAL'),
('0404030289', 'TRATAMENTO CIRÚRGICO REPARADOR DA FISSURA FACIAL RARA EM PACIENTES COM ANOMALIA CRÂNIO E BUCOMAXILOFACIAL'),
('0404030297', 'OSTEOTOMIA CRANIOFACIAL COMPLEXA EM PACIENTE COM ANOMALIA CRÂNIO E BUCOMAXILOFACIAL'),
('0404030300', 'REMODELAÇÃO CRANIOFACIAL EM PACIENTE COM ANOMALIA CRÂNIO E BUCOMAXILOFACIAL'),
('0404030319', 'TRATAMENTO CIRÚRGICO DE MACROSTOMIA /MICROSTOMIA POR ANOMALIA CRANIOFACIAL'),
('0404030327', 'OSTEOPLASTIA FRONTO - ORBITAL'),
('0405010010', 'CORRECAO CIRURGICA DE ENTROPIO E ECTROPIO'),
('0405010028', 'CORREÇÃO CIRÚRGICA DE EPICANTO E TELECANTO'),
('0405010036', 'DACRIOCISTORRINOSTOMIA'),
('0405010079', 'EXÉRESE DE CALAZIO E OUTRAS PEQUENAS LESOES DA PALPEBRA E SUPERCILIOS'),
('0405010087', 'EXTIRPAÇÃO DE GLANDULA LACRIMAL'),
('0405010117', 'RECONSTITUICAO DE CANAL LACRIMAL'),
('0405010125', 'RECONSTITUIÇÃO PARCIAL DE PALPEBRA COM TARSORRAFIA'),
('0405010133', 'RECONSTITUIÇÃO TOTAL DE PALPEBRA'),
('0405010150', 'SONDAGEM DE CANAL LACRIMAL SOB ANESTESIA GERAL'),
('0405010176', 'SUTURA DE PALPEBRAS'),
('0405020015', 'CORREÇÃO CIRÚRGICA DE ESTRABISMO (ACIMA DE 2 MUSCULOS)'),
('0405020023', 'CORREÇÃO CIRÚRGICA DO ESTRABISMO (ATE 2 MUSCULOS)'),
('0405030010', 'APLICAÇÃO DE PLACA RADIOATIVA EPISCLERAL'),
('0405030029', 'BIOPSIA DE TUMOR INTRA OCULAR'),
('0405030070', 'RETINOPEXIA COM INTROFLEXÃO ESCLERAL'),
('0405030096', 'SUTURA DE ESCLERA'),
('0405030134', 'VITRECTOMIA ANTERIOR'),
('0405030142', 'VITRECTOMIA POSTERIOR'),
('0405030169', 'VITRECTOMIA POSTERIOR COM INFUSÃO DE PERFLUOCARBONO E ENDOLASER'),
('0405030177', 'VITRECTOMIA POSTERIOR COM INFUSÃO DE PERFLUOCARBONO/ÓLEO DE SILICONE/ENDOLASER'),
('0405030185', 'TERMOTERAPIA TRANSPUPILAR'),
('0405030193', 'PAN-FOTOCOAGULAÇÃO DE RETINA A LASER'),
('0405030207', 'DRENAGEM DE HEMORRAGIA DE CORÓIDE'),
('0405040016', 'CORREÇÃO CIRURGICA DE LAGOFTALMO'),
('0405040024', 'CRIOTERAPIA DE TUMORES INTRA-OCULARES'),
('0405040040', 'DESCOMPRESSÃO DE NERVO ÓPTICO'),
('0405040059', 'DESCOMPRESSÃO DE ORBITA'),
('0405040067', 'ENUCLEAÇÃO DE GLOBO OCULAR'),
('0405040075', 'EVISCERAÇÃO DE GLOBO OCULAR'),
('0405040083', 'EXENTERAÇÃO DE ORBITA'),
('0405040091', 'EXÉRESE DE TUMOR MALIGNO INTRA-OCULAR'),
('0405040105', 'EXPLANTE DE LENTE INTRA OCULAR'),
('0405040148', 'ORBITOTOMIA'),
('0405040156', 'RECONSTITUIÇÃO DE CAVIDADE ORBITÁRIA'),
('0405040164', 'RECONSTITUIÇÃO DE PAREDE DA ORBITA'),
('0405040180', 'TRANSPLANTE DE PERIOSTEO EM ESCLEROMALACIA'),
('0405040202', 'TRATAMENTO DE PTOSE PALPEBRAL'),
('0405040210', 'REPOSICIONAMENTO DE LENTE INTRAOCULAR'),
('0405050011', 'CAPSULECTOMIA POSTERIOR CIRURGICA'),
('0405050046', 'CICLOCRIOCOAGULAÇÃO / DIATERMIA'),
('0405050054', 'CICLODIALISE'),
('0405050097', 'FACECTOMIA COM IMPLANTE DE LENTE INTRA-OCULAR'),
('0405050100', 'FACECTOMIA S/ IMPLANTE DE LENTE INTRA-OCULAR'),
('0405050119', 'FACOEMULSIFICAÇÃO COM IMPLANTE DE LENTE INTRA-OCULAR RIGIDA'),
('0405050135', 'IMPLANTE DE PRÓTESE ANTI-GLAUCOMATOSA'),
('0405050143', 'IMPLANTE INTRA-ESTROMAL'),
('0405050151', 'IMPLANTE SECUNDÁRIO DE LENTE INTRA-OCULAR - LIO'),
('0405050186', 'IRIDOCICLECTOMIA'),
('0405050216', 'RECOBRIMENTO CONJUNTIVAL'),
('0405050224', 'RECONSTITUIÇÃO DE FORNIX CONJUNTIVAL'),
('0405050232', 'RECONSTRUÇÃO DE CAMARA ANTERIOR DO OLHO'),
('0405050313', 'TOPOPLASTIA DO TRANSPLANTE'),
('0405050321', 'TRABECULECTOMIA'),
('0405050356', 'TRATAMENTO CIRÚRGICO DE GLAUCOMA CONGENITO'),
('0405050372', 'FACOEMULSIFICAÇÃO COM IMPLANTE DE LENTE INTRA-OCULAR DOBRAVEL'),
('0405050380', 'CIRURGIA DE CATARATA CONGÊNITA'),
('0405050399', 'TRATAMENTO CIRÚRGICO DE DEISCÊNCIA DE SUTURA DE CÓRNEA'),
('0405050402', 'RADIAÇÃO PARA CROSS LINKING CORNEANO'),
('0406010013', 'ABERTURA DE COMUNICAÇÃO INTER-ATRIAL'),
('0406010021', 'ABERTURA DE ESTENOSE AORTICA VALVAR'),
('0406010030', 'ABERTURA DE ESTENOSE PULMONAR VALVAR'),
('0406010048', 'AMPLIAÇÃO DE VIA DE SAÍDA DO VENTRICULO DIREITO E/OU RAMOS PULMONARES'),
('0406010056', 'AMPLIAÇÃO DE VIA DE SAÍDA DO VENTRÍCULO ESQUERDO'),
('0406010064', 'ANASTOMOSE CAVO-PULMONAR BIDIRECIONAL'),
('0406010072', 'ANASTOMOSE CAVO-PULMONAR TOTAL'),
('0406010080', 'ANASTOMOSE SISTEMICO-PULMONAR'),
('0406010099', 'BANDAGEM DA ARTÉRIA PULMONAR'),
('0406010102', 'CARDIORRAFIA'),
('0406010110', 'CARDIOTOMIA PARA RETIRADA DE CORPO ESTRANHO'),
('0406010137', 'CORREÇÃO DE ANEURISMA / DISSECÇÃO DA AORTA TORACO-ABDOMINAL'),
('0406010153', 'CORREÇÃO DE ATRESIA PULMONAR E COMUNICAÇÃO INTERVENTRICULAR'),
('0406010161', 'CORREÇÃO DE ÁTRIO ÚNICO'),
('0406010170', 'CORREÇÃO DE BANDA ANÔMALA DO VENTRÍCULO DIREITO'),
('0406010188', 'CORREÇÃO DE COARCTAÇÃO DA AORTA'),
('0406010196', 'CORREÇÃO DE COMUNICAÇÃO INTERVENTRICULAR'),
('0406010200', 'CORREÇÃO DE COMUNICAÇÃO INTER-VENTRICULAR E INSUFICIÊNCIA AORTICA'),
('0406010218', 'CORREÇÃO DE COR TRIATRIATUM'),
('0406010226', 'CORREÇÃO DE CORONÁRIA ANÔMALA (CRIANÇA E ADOLESCENTE)'),
('0406010234', 'CORREÇÃO DE DRENAGEM ANÔMALA DO RETORNO SISTÊMICO'),
('0406010242', 'CORREÇÃO DE DRENAGEM ANÔMALA PARCIAL DE VEIAS PULMONARES'),
('0406010250', 'CORREÇÃO DE DRENAGEM ANÔMALA TOTAL DE VEIAS PULMONARES'),
('0406010269', 'CORREÇÃO DE DUPLA VIA DE SAÍDA DO VENTRÍCULO DIREITO'),
('0406010277', 'CORREÇÃO DE DUPLA VIA DE SAÍDA DO VENTRÍCULO ESQUERDO'),
('0406010285', 'CORREÇÃO DE ESTENOSE AÓRTICA (0 A 3 ANOS)'),
('0406010293', 'CORREÇÃO DE ESTENOSE MITRAL CONGÊNITA'),
('0406010307', 'CORREÇÃO DE ESTENOSE SUPRA-AÓRTICA'),
('0406010315', 'CORREÇÃO DE FÍSTULA AÓRTO-CAVITARIAS'),
('0406010323', 'CORREÇÃO DE HIPERTROFIA SEPTAL ASSIMETRICA'),
('0406010331', 'CORREÇÃO DE HIPOPLASIA DE VENTRÍCULO ESQUERDO'),
('0406010340', 'CORREÇÃO DE INSUFICIÊNCIA DA VÁLVULA TRICÚSPIDE'),
('0406010358', 'CORREÇÃO DE INSUFICIÊNCIA MITRAL CONGÊNITA'),
('0406010366', 'CORREÇÃO DE INTERRUPÇÃO DO ARCO AÓRTICO'),
('0406010374', 'CORREÇÃO DE JANELA AORTO-PULMONAR (CRIANÇA E ADOLESCENTE)'),
('0406010382', 'CORREÇÃO DE JANELA AORTO-PULMONAR'),
('0406010390', 'CORREÇÃO DE LESÕES NA TRANSPOSIÇÃO CORRIGIDA DOS VASOS DA BASE'),
('0406010404', 'CORREÇÃO DE PERSISTÊNCIA DO CANAL ARTERIAL'),
('0406010412', 'CORREÇÃO DE PERSISTÊNCIA DO CANAL ARTERIAL NO RÉCEM-NASCIDO'),
('0406010420', 'CORREÇÃO DE TETRALOGIA DE FALLOT E VARIANTES (CRIANÇA E ADOLESCENTE)'),
('0406010439', 'CORREÇÃO DE TETRALOGIA DE FALLOT E VARIANTES'),
('0406010447', 'CORREÇÃO DE TRANSPOSIÇÃO DOS GRANDES VASOS DA BASE (CRIANÇA E ADOLESCENTE)'),
('0406010455', 'CORREÇÃO DE TRANSPOSIÇÃO DE GRANDES VASOS DA BASE'),
('0406010463', 'CORREÇÃO DE TRONCO ARTERIOSO PERSISTENTE'),
('0406010471', 'CORREÇÃO DE VENTRÍCULO ÚNICO'),
('0406010480', 'CORREÇÃO DO CANAL ÁTRIO-VENTRICULAR (PARCIAL / INTERMEDIÁRIO)'),
('0406010498', 'CORREÇÃO DO CANAL ÁTRIO-VENTRICULAR (TOTAL)'),
('0406010501', 'CORREÇÕES DE ANOMALIAS DO ARCO AÓRTICO'),
('0406010510', 'DRENAGEM C/ BIOPSIA DE PERICÁRDIO'),
('0406010528', 'EXÉRESE DE CISTO PERICÁRDICO'),
('0406010536', 'FECHAMENTO DE COMUNICAÇÃO INTERATRIAL'),
('0406010544', 'FECHAMENTO DE COMUNICAÇÃO INTERVENTRICULAR'),
('0406010552', 'MPLANTE COM TROCA DE POSIÇÃO DE VALVAS (CIRURGIA DE ROSS)'),
('0406010560', 'IMPLANTE DE CARDIOVERSOR DESFIBRILADOR DE CÂMARA ÚNICA TRANSVENOSO'),
('0406010579', 'IMPLANTE DE CARDIOVERSOR DESFIBRILADOR (CDI) MULTI-SITIO TRANSVENOSO EPIMIOCÁRDICO POR TORACOTOMIA P/ IMPLANTE DE ELETRODO'),
('0406010587', 'IMPLANTE DE CARDIOVERSOR DESFIBRILADOR DE CÃMARA DUPLA TRANSVENOSO'),
('0406010595', 'IMPLANTE DE CARDIOVERSOR DESFIBRILADOR MULTI-SÍTIO ENDOCAVITÁRIO C/ REVERSÃO PARA EPIMIOCÁRDICO POR TORACOTOMIA'),
('0406010609', 'IMPLANTE DE CARDIOVERSOR DESFIBRILADOR (CDI) MULTI-SITIO TRANSVENOSO'),
('0406010617', 'IMPLANTE DE MARCAPASSO CARDÍACO MULTI-SITIO ENDOCAVITÁRIO C/ REVERSÃO P/ EPIMIOCÁRDICO (POR TORACOTOMIA)'),
('0406010625', 'IMPLANTE DE MARCAPASSO CARDÍACO MULTI-SITIO EPIMIOCÁRDICO POR TORACOTOMIA P/IMPLANTE DE ELETRODO'),
('0406010633', 'IMPLANTE DE MARCAPASSO CARDÍACO MULTI-SITIO TRANSVENOSO'),
('0406010641', 'IMPLANTE DE MARCAPASSO DE CÂMARA DUPLA EPIMIOCÁRDICO'),
('0406010650', 'IMPLANTE DE MARCAPASSO DE CÂMARA DUPLA TRANSVENOSO'),
('0406010668', 'IMPLANTE DE MARCAPASSO DE CÂMARA ÚNICA EPIMIOCÁRDICO'),
('0406010676', 'IMPLANTE DE MARCAPASSO DE CÂMARA ÚNICA TRANSVENOSO'),
('0406010684', 'IMPLANTE DE MARCAPASSO TEMPORÁRIO TRANSVENOSO'),
('0406010692', 'IMPLANTE DE PRÓTESE VALVAR'),
('0406010706', 'INFARTECTOMIA / ANEURISMECTOMIA ASSOCIADA OU NÃO A REVASCULARIZAÇÃO MIOCÁRDICA'),
('0406010714', 'INSTALAÇÃO DE ASSISTÊNCIA CIRCULATÓRIA'),
('0406010730', 'LIGADURA DE FÍSTULA SISTÊMICO-PULMONAR'),
('0406010757', 'PERICARDIECTOMIA'),
('0406010765', 'PERICARDIECTOMIA PARCIAL'),
('0406010773', 'PERICARDIOCENTESE'),
('0406010781', 'PLÁSTICA / TROCA DE VÁLVULA TRICÚSPIDE (ANOMALIA DE EBSTEIN)'),
('0406010790', 'PLÁSTICA DE LOJA DE GERADOR DE SISTEMA DE ESTIMULAÇÃO CARDÍACA ARTIFICIAL'),
('0406010803', 'PLÁSTICA VALVAR'),
('0406010811', 'PLÁSTICA VALVAR COM REVASCULARIZAÇÃO MIOCÁRDICA'),
('0406010820', 'PLÁSTICA VALVAR E/OU TROCA VALVAR MÚLTIPLA'),
('0406010838', 'RECONSTRUÇÃO DA RAIZ DA AORTA'),
('0406010846', 'RECONSTRUÇÃO DA RAIZ DA AORTA C/ TUBO VALVADO'),
('0406010854', 'REPOSICIONAMENTO DE ELETRODOS DE CARDIOVERSOR DESFIBRILADOR'),
('0406010862', 'REPOSICIONAMENTO DE ELETRODOS DE MARCAPASSO'),
('0406010870', 'REPOSICIONAMENTO DE ELETRODOS DE MARCAPASSO MULTI-SITIO'),
('0406010889', 'RESSECÇÃO DE ENDOMIOCARDIOFIBROSE'),
('0406010897', 'RESSECÇÃO DE MEMBRANA SUB-AÓRTICA'),
('0406010900', 'RESSECÇÃO DE TUMOR INTRACARDÍACO'),
('0406010919', 'RETIRADA DE SISTEMA DE ESTIMULAÇÃO CARDÍACA ARTIFICIAL'),
('0406010927', 'REVASCULARIZAÇÃO MIOCÁRDICA COM USO DE EXTRACÓRPOREA'),
('0406010935', 'REVASCULARIZAÇÃO MIOCÁRDICA C/ USO DE EXTRACÓRPOREA (C/ 2 OU MAIS ENXERTOS)'),
('0406010943', 'REVASCULARIZAÇÃO MIOCÁRDICA S/ USO DE EXTRACORPÓREA'),
('0406010951', 'REVASCULARIZAÇÃO MIOCÁRDICA S/ USO DE EXTRACORPÓREA (C/ 2 OU MAIS ENXERTOS)'),
('0406010960', 'TRATAMENTO DE CONTUSÃO MIOCÁRDICA'),
('0406010978', 'TRATAMENTO DE FERIMENTO CARDÍACO PERFURO-CORTANTE'),
('0406010986', 'TROCA DE AORTA ASCENDENTE'),
('0406010994', 'TROCA DE ARCO AÓRTICO'),
('0406011001', 'TROCA DE CONJUNTO DO SEIO CORONÁRIO NO MARCAPASSO MULTI-SITIO'),
('0406011010', 'TROCA DE ELETRODOS DE DESFIBRILADOR DE CARDIO-DESFIBRILADOR TRANSVENOSO'),
('0406011028', 'TROCA DE ELETRODOS DE DESFIBRILADOR NO CARDIO-DESFIBRILADOR MULTI-SITIO'),
('0406011036', 'TROCA DE ELETRODOS DE MARCAPASSO DE CÂMARA DUPLA'),
('0406011044', 'TROCA DE ELETRODOS DE MARCAPASSO DE CÂMARA ÚNICA'),
('0406011052', 'TROCA DE ELETRODOS DE MARCAPASSO EM CARDIO-DESFIBRILADOR DE CAMARA DUPLA TRANSVENOSO'),
('0406011079', 'TROCA DE ELETRODOS DE MARCAPASSO NO CARDIO-DESFIBRILADOR MULTI-SITIO'),
('0406011087', 'TROCA DE ELETRODOS DE MARCAPASSO NO MARCAPASSO MULTI-SITIO'),
('0406011095', 'TROCA DE ELETRODOS DE SEIO CORONÁRIO NO CARDIOVERSOR DESFIBRILADOR MULTI-SITIO'),
('0406011109', 'TROCA DE GERADOR DE CARDIO-DESFIBRILADOR DE CÂMARA ÚNICA / DUPLA'),
('0406011117', 'TROCA DE GERADOR DE CARDIO-DESFIBRILADOR MULTI-SITIO'),
('0406011125', 'TROCA DE GERADOR DE MARCAPASSO DE CÂMARA DUPLA'),
('0406011133', 'TROCA DE GERADOR DE MARCAPASSO DE CÂMARA ÚNICA'),
('0406011141', 'TROCA DE GERADOR DE MARCAPASSO MULTI-SITIO'),
('0406011150', 'TROCA DE GERADOR E DE ELETRODO DE MARCAPASSO DE CÂMARA ÚNICA'),
('0406011168', 'TROCA DE GERADOR E DE ELETRODOS DE CARDIO-DESFIBRILADOR'),
('0406011176', 'TROCA DE GERADOR E DE ELETRODOS DE CARDIO-DESFIBRILADOR MULTISITIO'),
('0406011184', 'TROCA DE GERADOR E DE ELETRODOS DE MARCAPASSO DE CÂMARA DUPLA'),
('0406011192', 'TROCA DE GERADOR E DE ELETRODOS NO MARCAPASSO MULTI-SITIO'),
('0406011206', 'TROCA VALVAR C/ REVASCULARIZAÇÃO MIOCÁRDICA'),
('0406011214', 'UNIFOCALIZAÇÃO DE RAMOS DA ARTÉRIA PULMONAR C/ CIRCULAÇÃO EXTRACORPÓREA'),
('0406011222', 'UNIFOCALIZAÇÃO DE RAMOS DA ARTÉRIA PULMONAR S/ CIRCULAÇÃO EXTRACORPÓREA'),
('0406011230', 'ANASTOMOSE SISTEMICO PULMONAR COM CEC'),
('0406011249', 'CORRECAO DE COARCTACAO DA AORTA COM CEC'),
('0406011257', 'CORREÇÃO DE CORONARIA ANOMALA (19 A 110)'),
('0406011265', 'ABERTURA DE ESTENOSE AORTICA VALVAR (CRIANÇA E ADOLESCENTE)'),
('0406011273', 'ABERTURA DE ESTENOSE PULMONAR VALVAR (CRIANÇA E ADOLESCENTE)'),
('0406011281', 'AMPLIAÇÃO DE VIA DE SAÍDA DO VENTRÍCULO DIREITO E/OU RAMOS PULMONARES (CRIANÇA E ADOLESCENTE)'),
('0406011290', 'AMPLIAÇÃO DE VIA DE SAÍDA DO VENTRÍCULO ESQUERDO (CRIANÇA E ADOLESCENTE)'),
('0406011303', 'ANASTOMOSE CAVO-PULMONAR BIDIRECIONAL (CRIANÇA E ADOLESCENTE)'),
('0406011311', 'ANASTOMOSE SISTEMICO-PULMONAR (CRIANÇA E ADOLESCENTE)'),
('0406011320', 'BANDAGEM DA ARTERIA PULMONAR (CRIANÇA E ADOLESCENTE)'),
('0406011338', 'CORRECAO DE COARCTACAO DA AORTA (CRIANÇA E ADOLESCENTE)'),
('0406011346', 'CORRECAO DE DRENAGEM ANOMALA DO RETORNO SISTEMICO (CRIANÇA E ADOLESCENTE)'),
('0406011354', 'CORREÇÃO DE DRENAGEM ANOMALA PARCIAL DE VEIAS PULMONARES (CRIANÇA E ADOLESCENTE)'),
('0406011362', 'CORRECAO DE ESTENOSE MITRAL CONGENITA (CRIANÇA E ADOLESCENTE)'),
('0406011370', 'CORREÇÃO DE ESTENOSE SUPRA-AÓRTICA (CRIANÇA E ADOLESCENTE)'),
('0406011389', 'CORRECAO DE FISTULA AORTO-CAVITARIAS (CRIANÇA E ADOLESCENTE)'),
('0406011397', 'CORREÇÃO DE HIPERTROFIA SEPTAL ASSIMETRICA (CRIANÇA E ADOLESCENTE)'),
('0406011400', 'CORRECAO DE INSUFICIENCIA DA VALVULA TRICUSPIDE (CRIANÇA E ADOLESCENTE)'),
('0406011419', 'CORRECAO DE INSUFICIENCIA MITRAL CONGENITA (CRIANÇA E ADOLESCENTE)'),
('0406011427', 'CORRECAO DE PERSISTENCIA DO CANAL ARTERIAL (CRIANÇA E ADOLESCENTE)'),
('0406011435', 'CORRECAO DO CANAL ATRIO-VENTRICULAR PARCIAL / INTERMEDIARIO (CRIANÇA E ADOLESCENTE)'),
('0406011443', 'CORRECOES DE ANOMALIAS DO ARCO AORTICO (CRIANÇA E ADOLESCENTE)'),
('0406011451', 'FECHAMENTO DE COMUNICACAO INTERATRIAL (CRIANÇA E ADOLESCENTE)'),
('0406011460', 'FECHAMENTO DE COMUNICACAO INTERVENTRICULAR (CRIANÇA E ADOLESCENTE)'),
('0406011478', 'IMPLANTE C/ TROCA DE POSICAO DE VALVAS (CIRURGIA DE ROSS) (CRIANÇA E ADOLESCENTE)'),
('0406011486', 'LIGADURA DE FISTULA SISTEMICO-PULMONAR (CRIANÇA E ADOLESCENTE)'),
('0406011494', 'RESSECCAO DE MEMBRANA SUB-AORTICA (CRIANÇA E ADOLESCENTE)'),
('0406011508', 'ANASTOMOSE SISTEMICO PULMONAR COM CEC (CRIANÇA E ADOLESCENTE)'),
('0406011516', 'CORRECAO DE COARCTACAO DA AORTA COM CEC (CRIANÇA E ADOLESCENTE)'),
('0406020019', 'ANASTOMOSE ESPLENO-RENAL / OUTRA DERIVAÇÃO CENTRAL'),
('0406020027', 'ANASTOMOSE LINFOVENOSA'),
('0406020035', 'ANASTOMOSE PORTO-CAVA'),
('0406020043', 'ANEURISMECTOMIA DE AORTA ABDOMINAL INFRA-RENAL'),
('0406020051', 'ANEURISMECTOMIA TORACO-ABDOMINAL'),
('0406020078', 'IMPLANTAÇÃO DE CATETER DE LONGA PERMANÊNCIA SEMI OU TOTALMENTE IMPLANTAVEL (PROCEDIMENTO PRINCIPAL)'),
('0406020108', 'DISSECCAO RADICAL DO PESCOÇO'),
('0406020116', 'DRENAGEM DE GANGLIO LINFATICO'),
('0406020124', 'EMBOLECTOMIA ARTERIAL'),
('0406020159', 'EXERESE DE GANGLIO LINFÁTICO'),
('0406020167', 'FASCIOTOMIA P/ DESCOMPRESSÃO'),
('0406020191', 'LINFADENECTOMIA PÉLVICA'),
('0406020213', 'LINFADENECTOMIA RADICAL AXILAR BILATERAL'),
('0406020221', 'LINFADENECTOMIA RADICAL AXILAR UNILATERAL'),
('0406020230', 'LINFADENECTOMIA RADICAL CERVICAL BILATERAL'),
('0406020248', 'LINFADENECTOMIA RADICAL CERVICAL UNILATERAL'),
('0406020256', 'LINFADENECTOMIA RADICAL INGUINAL BILATERAL'),
('0406020264', 'LINFADENECTOMIA RADICAL INGUINAL UNILATERAL'),
('0406020272', 'LINFADENECTOMIA RADICAL VULVAR'),
('0406020280', 'LINFADENECTOMIA RETROPERITONIAL'),
('0406020302', 'PLASTIA ARTERIAL COM REMENDO (QUALQUER TÉCNICA)'),
('0406020310', 'PONTE AXILO-BIFEMURAL'),
('0406020329', 'PONTE AXILO-FEMURAL'),
('0406020337', 'PONTE DE RAMOS DOS TRONCOS SUPRA-AORTICOS'),
('0406020345', 'PONTE FEMORO-FEMURAL CRUZADA'),
('0406020353', 'PONTE-TROMBOENDARTERECTOMIA AORTO-FEMURAL'),
('0406020361', 'PONTE-TROMBOENDARTERECTOMIA AORTO-ILÍACA'),
('0406020370', 'PONTE-TROMBOENDARTERECTOMIA DE CARÓTIDA'),
('0406020388', 'PONTE-TROMBOENDARTERECTOMIA ILIACO-FEMURAL'),
('0406020396', 'RETIRADA DE PROTESE INFECTADA EM POSICAO AORTO- ABDOMINAL C/ PONTE AXILO FEMURAL/AXILO BIFEMURAL CRUZADO'),
('0406020400', 'RETIRADA DE PRÓTESE INFECTADA EM POSIÇÃO NÃO AÓRTICA'),
('0406020418', 'REVASCULARIZAÇÃO DE ARTÉRIAS VISCERAIS'),
('0406020426', 'REVASCULARIZAÇÃO DO MEMBRO SUPERIOR'),
('0406020434', 'REVASCULARIZAÇÃO POR PONTE / TROMBOENDARTERECTOMIA DE OUTRAS ARTERIAS DISTAIS'),
('0406020442', 'REVASCULARIZAÇÃO POR PONTE / TROMBOENDARTERECTOMIA FEMURO-POPLÍTEA DISTAL'),
('0406020450', 'REVASCULARIZAÇÃO POR PONTE / TROMBOENDARTERECTOMIA FEMURO-POPLÍTEA PROXIMAL'),
('0406020469', 'TRANSPLANTE DE SEGMENTO VENOSO VALVULADO'),
('0406020477', 'TRANSPOSIÇÃO DE VEIAS DO SISTEMA VENOSO PROFUNDO'),
('0406020485', 'TRATAMENTO CIRURGICO DE ANEURISMAS DAS ARTERIAS VISCERAIS'),
('0406020493', 'TRATAMENTO CIRURGICO DE LESOES VASCULARES TRAUMATICAS DA REGIAO CERVICAL'),
('0406020507', 'TRATAMENTO CIRÚRGICO DE LESÕES VASCULARES TRAUMÁTICAS DE MEMBRO INFERIOR BILATERAL'),
('0406020515', 'TRATAMENTO CIRÚRGICO DE LESÕES VASCULARES TRAUMÁTICAS DE MEMBRO INFERIOR UNILATERAL'),
('0406020523', 'TRATAMENTO CIRÚRGICO DE LESÕES VASCULARES TRAUMÁTICAS DE MEMBRO SUPERIOR BILATERAL'),
('0406020531', 'TRATAMENTO CIRÚRGICO DE LESÕES VASCULARES TRAUMÁTICAS DE MEMBRO SUPERIOR UNILATERAL'),
('0406020540', 'TRATAMENTO CIRÚRGICO DE LESÕES VASCULARES TRAUMÁTICAS DO ABDÔMEN'),
('0406020558', 'TRATAMENTO CIRURGICO DE LINFEDEMA'),
('0406020566', 'TRATAMENTO CIRURGICO DE VARIZES (BILATERAL)'),
('0406020574', 'TRATAMENTO CIRÚRGICO DE VARIZES (UNILATERAL)'),
('0406020582', 'TROCA DE AORTA DESCENDENTE (INCLUI ABDOMINAL)'),
('0406020590', 'TROMBECTOMIA DO SISTEMA VENOSO'),
('0406020604', 'VALVULOPLASTIAS DO SISTEMA VENOSO PROFUNDO'),
('0406030014', 'ANGIOPLASTIA CORONARIANA'),
('0406030022', 'ANGIOPLASTIA CORONARIANA C/ IMPLANTE DE DOIS STENTS'),
('0406030030', 'ANGIOPLASTIA CORONARIANA COM IMPLANTE DE STENT'),
('0406030049', 'ANGIOPLASTIA CORONARIANA PRIMÁRIA'),
('0406030057', 'ANGIOPLASTIA COM IMPLANTE DE DUPLO STENT EM AORTA/ARTERIA PULMONAR E RAMOS'),
('0406030065', 'ANGIOPLASTIA EM ENXERTO CORONARIANO'),
('0406030073', 'ANGIOPLASTIA EM ENXERTO CORONARIANO (COM IMPLANTE DE STENT)'),
('0406030081', 'ATRIOSEPTOSTOMIA COM CATETER BALÃO'),
('0406030090', 'FECHAMENTO PERCUTÂNEO DO CANAL ARTERIAL / FISTULAS ARTERIOVENOSAS COM LIBERAÇÃO DE COILS'),
('0406030103', 'RETIRADA DE CORPO ESTRANHO DE SISTEMA CARDIOVASCULAR POR TÉCNICAS HEMODINÂMICAS'),
('0406030111', 'VALVULOPLASTIA AÓRTICA PERCUTÂNEA'),
('0406030120', 'VALVULOPLASTIA MITRAL PERCUTÂNEA'),
('0406030138', 'VALVULOPLASTIA PULMONAR PERCUTÂNEA'),
('0406030146', 'VALVULOPLASTIA TRICUSPIDE PERCUTANEA'),
('0406030154', 'FECHAMENTO PERCUTÂNEO DE COMUNICAÇÃO INTERATRIAL SEPTAL.'),
('0406030162', 'IMPLANTE PERCUTÂNEO DE VÁLVULA AÓRTICA (TAVI), POR VIA TRANSFEMORAL'),
('0406040010', 'ALCOOLIZAÇÃO PERCUTÂNEA DE HEMANGIOMA E MALFORMAÇÃO VENOSAS (INCLUI ESTUDO ANGIOGRAFICO)'),
('0406040028', 'ANGIOPLASTIA INTRALUMINAL DE AORTA, VEIA CAVA / VASOS ILÍACOS (COM STENT)'),
('0406040044', 'ANGIOPLASTIA INTRALUMINAL DE AORTA, VEIA CAVA / VASOS ILÍACOS (SEM STENT)'),
('0406040052', 'ANGIOPLASTIA INTRALUMINAL DE VASOS DAS EXTREMIDADES (SEM STENT)'),
('0406040060', 'ANGIOPLASTIA INTRALUMINAL DE VASOS DAS EXTREMIDADES (COM STENT NÃO RECOBERTO)'),
('0406040079', 'ANGIOPLASTIA INTRALUMINAL DE VASOS DAS EXTREMIDADES (COM STENT RECOBERTO)'),
('0406040087', 'ANGIOPLASTIA INTRALUMINAL DE VASOS DO PESCOÇO / TRONCOS SUPRA-AÓRTICOS (SEM STENT)'),
('0406040095', 'ANGIOPLASTIA INTRALUMINAL DE VASOS DO PESCOÇO OU TRONCOS SUPRA-AÓRTICOS (COM STENT NÃO RECOBERTO)'),
('0406040109', 'ANGIOPLASTIA INTRALUMINAL DE VASOS VISCERAIS COM STENT NÃO RECOBERTO'),
('0406040117', 'ANGIOPLASTIA INTRALUMINAL DE VASOS VISCERAIS COM STENT RECOBERTO'),
('0406040125', 'ANGIOPLASTIA INTRALUMINAL DE VASOS VISCERAIS / RENAIS'),
('0406040133', 'ANGIOPLASTIA INTRALUMINAL DOS VASOS DO PESCOÇO / TRONCOS SUPRA-AÓRTICOS (COM STENT RECOBERTO)'),
('0406040141', 'COLOCAÇÃO PERCUTÂNEA DE FILTRO DE VEIA CAVA (NA TROMBOSE VENOSA PERIFÉRICA E EMBOLIA PULMONAR)'),
('0406040150', 'CORREÇÃO ENDOVASCULAR DE ANEURISMA / DISSECÇÃO DA AORTA ABDOMINAL COM ENDOPRÓTESE RETA / CÔNICA'),
('0406040168', 'CORREÇÃO ENDOVASCULAR DE ANEURISMA / DISSECÇÃO DA AORTA ABDOMINAL E ILÍACAS COM ENDOPRÓTESE BIFURCADA'),
('0406040176', 'CORREÇÃO ENDOVASCULAR DE ANEURISMA / DISSECÇÃO DA AORTA TORÁCICA COM'),
('0406040184', 'CORREÇÃO ENDOVASCULAR DE ANEURISMA / DISSECÇÃO DAS ILÍACAS COM ENDOPRÓTESE TUBULAR'),
('0406040192', 'EMBOLIZAÇÃO ARTERIAL DE HEMORRAGIA DIGESTIVA (INCLUI PROCEDIMENTO ENDOSCÓPICO E/OU ESTUDO ANGIOGRÁFICO)'),
('0406040206', 'EMBOLIZAÇÃO DE MALFORMAÇÃO VASCULAR ARTÉRIO-VENOSA (INCLUI ESTUDO ANGIOGRÁFICO)'),
('0406040214', 'EMBOLIZAÇÃO DE MALFORMAÇÃO VASCULAR POR PUNÇÃO DIRETA (INCLUI DROGAS EMBOLIZANTES)'),
('0406040222', 'FECHAMENTO PERCUTÂNEO DE FISTULAS ARTERIOVENOSAS COM LIBERAÇÃO DE COILS'),
('0406040230', 'FIBRINOLISE INTRAVASCULAR POR CATETER (INCLUI FIBRINOLÍTICO)'),
('0406040249', 'FIBRINÓLISE PARA EMBOLIA PULMONAR MACICA INTRAVASCULAR POR CATETER (INCLUI FIBRINOLÍTICO)'),
('0406040257', 'FIBRINÓLISE VISCERAL INTRAVASCULAR POR CATETER (INCLUI FIBRINOLÍTICO)'),
('0406040265', 'IMPLANTAÇÃO DE SHUNT INTRA-HEPÁTICO PORTO-SISTÊMICO (TIPS) COM STENT NÃO RECOBERTO'),
('0406040273', 'OCLUSÃO PERCUTÂNEA ENDOVASCULAR DE ARTÉRIA / VEIA'),
('0406040281', 'RECONSTRUÇÃO DA BIFURCAÇÃO AORTO-ILÍACA COM ANGIOPLASTIA E STENTS'),
('0406040290', 'TRATAMENTO DE EPISTAXE POR EMBOLIZAÇÃO (INCLUI ESTUDO ANGIOGRÁFICO E/OU ENDOSCÓPICO)'),
('0406040303', 'TRATAMENTO DE HEMATURIA OU SANGRAMENTO GENITAL POR EMBOLIZAÇÃO (INCLUI ESTUDO ANGIOGRÁFICO E/OU ENDOSCÓPICO)'),
('0406040311', 'TRATAMENTO DE HEMOPTISE POR EMBOLIZAÇÃO PERCUTÂNEA (INCLUI ESTUDO ANGIOGRÁFICO)'),
('0406040320', 'TRATAMENTO ENDOVASCULAR DE FISTULAS ARTERIOVENOSAS'),
('0406040338', 'TRATAMENTO ENDOVASCULAR DO PSEUDOANEURISMA'),
('0406050015', 'ESTUDO ELETROFISIOLÓGICO DIAGNÓSTICO'),
('0406050023', 'ESTUDO ELETROFISIOLÓGICO TERAPÊUTICO I (ABLAÇÃO DE FLUTTER ATRIAL)'),
('0406050031', 'ESTUDO ELETROFISIOLÓGICO TERAPÊUTICO I (ABLAÇÃO DE TAQUICARDIA ATRIAL DIREITA)'),
('0406050040', 'ESTUDO ELETROFISIOLÓGICO TERAPÊUTICO I (ABLAÇÃO DE TAQUICARDIA POR REENTRADA NODAL DE VIAS ANÔMALAS DIREITAS, DE TV IDIOPÁTICA, DE VENTRÍCULO DIREITO E VENTRÍCULO ESQUERDO).'),
('0406050058', 'ESTUDO ELETROFISIOLÓGICO TERAPÊUTICO I (ABLAÇÃO DO NÓDULO ARCHOV-TAWARA)'),
('0406050066', 'ESTUDO ELETROFISIOLÓGICO TERAPÊUTICO II (ABLAÇÃO DAS VIAS ANÔMALAS MÚLTIPLAS)'),
('0406050074', 'ESTUDO ELETROFISIOLÓGICO TERAPÊUTICO II (ABLAÇÃO DE FIBRILAÇÃO ATRIAL)'),
('0406050082', 'ESTUDO ELETROFISIOLÓGICO TERAPÊUTICO II (ABLAÇÃO DE TAQUICARDIA ATRIAL CICATRICIAL)'),
('0406050090', 'ESTUDO ELETROFISIOLÓGICO TERAPEUTICO II (ABLAÇÃO DE TAQUICARDIA ATRIAL CICATRICIAL ESQUERDA)'),
('0406050104', 'ESTUDO ELETROFISIOLÓGICO TERAPÊUTICO II (ABLAÇÃO DE TAQUICARDIA ATRIAL ESQUERDA)'),
('0406050112', 'ESTUDO ELETROFISIOLÓGICO TERAPÊUTICO II (ABLAÇÃO DE TAQUICARDIA VENTRICULAR IDIOPÁTICA DO SEIO DE VALSALVA ESQUERDO)'),
('0406050120', 'ESTUDO ELETROFISIOLÓGICO TERAPÊUTICO II (ABLAÇÃO DE TAQUICARDIA VENTRICULAR SUSTENTADA COM CARDIOPATIA ESTRUTURAL)'),
('0406050139', 'ESTUDO ELETROFISIOLÓGICO TERAPÊUTICO II (ABLAÇÃO DE VIAS ANÔMALAS ESQUERDAS)'),
('0407010017', 'DEGASTROGASTRECTOMIA COM OU SEM VAGOTOMIA'),
('0407010033', 'ESOFAGECTOMIA DISTAL COM TORACOTOMIA'),
('0407010041', 'ESOFAGECTOMIA DISTAL SEM TORACOTOMIA'),
('0407010050', 'ESOFAGECTOMIA VIDEOLAPAROSCÓPICA'),
('0407010068', 'ESÔFAGO-COLONPLASTIA'),
('0407010076', 'ESOFAGOGASTRECTOMIA'),
('0407010084', 'ESOFAGOPLASTIA / GASTROPLASTIA'),
('0407010092', 'ESOFAGORRAFIA CERVICAL'),
('0407010106', 'ESOFAGORRAFIA TORÁCICA'),
('0407010114', 'ESOFAGOSTOMIA'),
('0407010122', 'GASTRECTOMIA COM OU SEM DESVIO DUODENAL'),
('0407010130', 'GASTRECTOMIA PARCIAL COM OU SEM VAGOTOMIA'),
('0407010149', 'GASTRECTOMIA TOTAL'),
('0407010157', 'GASTRECTOMIA VIDEOLAPAROSCÓPICA'),
('0407010165', 'GASTROENTEROANASTOMOSE'),
('0407010173', 'GASTROPLASTIA COM DERIVAÇÃO INTESTINAL'),
('0407010181', 'GASTROPLASTIA VERTICAL COM BANDA'),
('0407010190', 'GASTRORRAFIA'),
('0407010203', 'GASTRORRAFIA VIDEOLAPAROSCÓPICA'),
('0407010211', 'GASTROSTOMIA'),
('0407010220', 'GASTROSTOMIA VIDEOLAPAROSCÓPICA'),
('0407010238', 'PILOROPLASTIA'),
('0407010270', 'TRATAMENTO CIRÚRGICO DE ACALASIA (CARDIOMIOPLASTIA)'),
('0407010289', 'TRATAMENTO CIRÚRGICO DE DIVERTÍCULO DO TUBO DIGESTIVO'),
('0407010297', 'TRATAMENTO CIRÚRGICO DE REFLUXO GASTROESOFÁGICO'),
('0407010300', 'TRATAMENTO CIRÚRGICO DE VARIZES ESOFÁGICAS'),
('0407010335', 'TRATAMETO CIRÚRGICO DE MEGAESÔFAGO SEM RESSECÇÃO/ CONSERVADOR'),
('0407010343', 'VAGOTOMIA COM OPERAÇÃO DE DRENAGEM'),
('0407010351', 'VAGOTOMIA SUPERSELETIVA / GÁSTRICA PROXIMAL'),
('0407010360', 'GASTRECTOMIA VERTICAL EM MANGA (SLEEVE)'),
('0407010378', 'TRATAMENTO DE INTERCORRENCIAS CIRURGICA POS- CIRURGIA BARIÁTRICA'),
('0407010386', 'CIRURGIA BARIÁTRICA POR VIDEOLAPAROSCOPIA'),
('0407020012', 'AMPUTAÇÃO COMPLETA ABDOMINO-PERINEAL DO RETO'),
('0407020020', 'AMPUTAÇÃO POR PROCIDÊNCIA DE RETO'),
('0407020039', 'APENDICECTOMIA'),
('0407020047', 'APENDICECTOMIA VIDEOLAPAROSCÓPICA'),
('0407020063', 'COLECTOMIA PARCIAL (HEMICOLECTOMIA)'),
('0407020071', 'COLECTOMIA TOTAL'),
('0407020080', 'COLECTOMIA VIDEOLAPAROSCÓPICA'),
('0407020098', 'COLORRAFIA POR VIA ABDOMINAL'),
('0407020101', 'COLOSTOMIA'),
('0407020110', 'CRIPTECTOMIA ÚNICA / MÚLTIPLA'),
('0407020136', 'DRENAGEM DE ABSCESSO ANU-RETAL'),
('0407020144', 'DRENAGEM DE ABSCESSO ISQUIORRETAL'),
('0407020152', 'DRENAGEM DE HEMATOMA / ABSCESSO RETRO-RETAL'),
('0407020179', 'ENTERECTOMIA'),
('0407020187', 'ENTEROANASTOMOSE (QUALQUER SEGMENTO)'),
('0407020195', 'ENTEROPEXIA (QUALQUER SEGMENTO)'),
('0407020209', 'ENTEROTOMIA E/OU ENTERORRAFIA C/ SUTURA / RESSECÇÃO (QUALQUER SEGMENTO)'),
('0407020217', 'ESFINCTEROTOMIA INTERNA E TRATAMENTO DE FISSURA ANAL'),
('0407020225', 'EXCISÃO DE LESÃO / TUMOR ANU-RETAL'),
('0407020233', 'EXCISÃO DE LESÃO INTESTINAL / MESENTÉRICA LOCALIZADA'),
('0407020241', 'FECHAMENTO DE ENTEROSTOMIA (QUALQUER SEGMENTO)'),
('0407020250', 'FECHAMENTO DE FÍSTULA DE COLON'),
('0407020268', 'FECHAMENTO DE FÍSTULA DE RETO'),
('0407020276', 'FISTULECTOMIA / FISTULOTOMIA ANAL'),
('0407020284', 'HEMORROIDECTOMIA'),
('0407020292', 'HERNIORRAFIA COM RESSECÇÃO INTESTINAL (HERNIA ESTRANGULADA)'),
('0407020306', 'JEJUNOSTOMIA / ILEOSTOMIA'),
('0407020322', 'PLÁSTICA ANAL EXTERNA / ESFINCTEROPLASTIA ANAL'),
('0407020330', 'PROCTOCOLECTOMIA TOTAL COM RESERVATÒRIO ILEAL'),
('0407020349', 'PROCTOPEXIA ABDOMINAL POR PROCIDÊNCIA DO RETO'),
('0407020357', 'PROCTOPLASTIA E PROCTORRAFIA POR VIA PERINEAL'),
('0407020365', 'REDUÇÃO CIRÚRGICA DE VOLVO POR LAPAROTOMIA'),
('0407020381', 'REMOÇÃO CIRÚRGICA DE FECALOMA'),
('0407020403', 'RETOSSIGMOIDECTOMIA ABDOMINAL'),
('0407020411', 'RETOSSIGMOIDECTOMIA ABDOMINO-PERINEAL'),
('0407020420', 'TRATAMENTO CIRÚRGICO DE ANOMALIAS CONGENITAS DO ANUS E RETO'),
('0407020438', 'TRATAMENTO CIRÚRGICO DE AUSENCIA DO RETO (ABDOMINO-PERINEAL)'),
('0407020446', 'TRATAMENTO CIRÚRGICO DE ILEO MECONIAL'),
('0407020454', 'TRATAMENTO CIRURGICO DE IMPERFURACAO MEMBRANOSA DO ANUS'),
('0407020462', 'TRATAMENTO CIRÚRGICO DE MA ROTAÇÃO INTESTINAL'),
('0407020470', 'TRATAMENTO CIRÚRGICO DE PROLAPSO ANAL'),
('0407030018', 'ANASTOMOSE BILEO-DIGESTIVA'),
('0407030026', 'COLECISTECTOMIA'),
('0407030034', 'COLECISTECTOMIA VIDEOLAPAROSCÓPICA'),
('0407030042', 'COLECISTOSTOMIA'),
('0407030050', 'COLEDOCOPLASTIA'),
('0407030069', 'COLEDOCOTOMIA COM OU SEM COLECISTECTOMIA'),
('0407030077', 'COLEDOCOTOMIA VIDEOLAPAROSCÓPICA'),
('0407030123', 'ESPLENECTOMIA'),
('0407030131', 'HEPATECTOMIA PARCIAL'),
('0407030140', 'HEPATORRAFIA'),
('0407030158', 'HEPATORRAFIA COMPLEXA COM LESÃO DE ESTRUTURAS VASCULARES BILIARES'),
('0407030166', 'HEPATOTOMIA E DRENAGEM DE ABSCESSO / CISTO'),
('0407030174', 'MARSUPIALIZAÇÃO DE ABSCESSO / CISTO'),
('0407030182', 'PANCREATECTOMIA PARCIAL'),
('0407030190', 'PANCREATECTOMIA VIDEOLAPAROSCOPICA'),
('0407030204', 'PANCREATO-DUODENECTOMIA'),
('0407030212', 'PANCREATO-ENTEROSTOMIA'),
('0407030220', 'PANCREATOTOMIA PARA DRENAGEM'),
('0407030247', 'TRATAMENTO CIRÚRGICO DE CISTOS PANCREÁTICOS'),
('0407030255', 'COLANGIOPANCREATOGRAFIA RETRÓGRADA ENDOSCÓPICA TERAPÊUTICA'),
('0407040013', 'DRENAGEM DE ABSCESSO PÉLVICO'),
('0407040021', 'DRENAGEM DE ABSCESSO SUBFRÊNICO'),
('0407040030', 'DRENAGEM DE HEMATOMA / ABSCESSO PRE-PERITONEAL'),
('0407040048', 'HERNIOPLASTIA DIAFRAGMÁTICA (VIA ABDOMINAL)'),
('0407040056', 'HERNIOPLASTIA DIAFRAGMÁTICA (VIA TORÁCICA)'),
('0407040064', 'HERNIOPLASTIA EPIGASTRICA'),
('0407040072', 'HERNIOPLASTIA EPIGASTRICA VIDEOLAPAROSCOPICA'),
('0407040080', 'HERNIOPLASTIA INCISIONAL'),
('0407040099', 'HERNIOPLASTIA INGUINAL (BILATERAL)'),
('0407040102', 'HERNIOPLASTIA INGUINAL / CRURAL (UNILATERAL)'),
('0407040110', 'HERNIOPLASTIA RECIDIVANTE'),
('0407040129', 'HERNIOPLASTIA UMBILICAL'),
('0407040137', 'HERNIORRAFIA INGUINAL VIDEOLAPAROSCÓPICA'),
('0407040145', 'HERNIORRAFIA SEM RESSECÇÃO INTESTINAL (HÉRNIA ESTRANGULADA )'),
('0407040153', 'HERNIORRAFIA UMBILICAL VIDEOLAPAROSCÓPICA'),
('0407040161', 'LAPAROTOMIA EXPLORADORA'),
('0407040170', 'LAPAROTOMIA VIDEOLAPAROSCÓPICA PARA DRENAGEM E/OU BIÓPSIA'),
('0407040188', 'LIBERAÇÃO DE ADERÊNCIAS INTESTINAIS'),
('0407040200', 'PERITONIOSTOMIA COM TELA INORGÂNICA'),
('0407040226', 'REPARACAO DE OUTRAS HERNIAS'),
('0407040234', 'RESSECÇÃO DO EPIPLOM'),
('0407040242', 'RESSUTURA DE PAREDE ABDOMINAL (POR DEISCENCIA TOTAL / EVISCERAÇÃO)'),
('0407040250', 'TRATAMENTO CIRÚRGICO DE PERITONITE'),
('0407040269', 'VAGOTOMIA VIDEOLAPAROSCÓPICA'),
('0409010014', 'CAPSULECTOMIA RENAL'),
('0409010022', 'CISTECTOMIA PARCIAL'),
('0409010030', 'CISTECTOMIA TOTAL'),
('0409010049', 'CISTECTOMIA TOTAL E DERIVACAO EM 1 SÓ TEMPO'),
('0409010057', 'CISTOENTEROPLASTIA'),
('0409010065', 'CISTOLITOTOMIA E/OU RETIRADA DE CORPO ESTRANHO DA BEXIGA'),
('0409010073', 'CISTOPLASTIA (CORREÇÃO DE EXTROFIA VESICAL)'),
('0409010081', 'CISTORRAFIA'),
('0409010090', 'CISTOSTOMIA'),
('0409010120', 'DIVERTICULECTOMIA VESICAL'),
('0409010138', 'DRENAGEM DE ABSCESSO RENAL / PERI-RENAL'),
('0409010146', 'EXTRAÇÃO ENDOSCÓPICA DE CÁLCULO EM PELVE RENAL'),
('0409010170', 'INSTALAÇÃO ENDOSCÓPICA DE CATETER DUPLO J'),
('0409010189', 'LITOTRIPSIA'),
('0409010197', 'LOMBOTOMIA'),
('0409010200', 'NEFRECTOMIA PARCIAL'),
('0409010219', 'NEFRECTOMIA TOTAL'),
('0409010227', 'NEFROLITOTOMIA'),
('0409010235', 'NEFROLITOTOMIA PERCUTÂNEA'),
('0409010243', 'NEFROPEXIA'),
('0409010251', 'NEFROPIELOSTOMIA'),
('0409010260', 'NEFRORRAFIA'),
('0409010286', 'NEFROSTOMIA COM OU SEM DRENAGEM'),
('0409010294', 'NEFROSTOMIA PERCUTÂNEA'),
('0409010308', 'NEFROURETERECTOMIA TOTAL'),
('0409010316', 'PIELOLITOTOMIA'),
('0409010324', 'PIELOPLASTIA'),
('0409010332', 'PIELOSTOMIA'),
('0409010340', 'PIELOTOMIA'),
('0409010367', 'RESSECÇÃO DO COLOVESICAL / TUMOR VESICAL A CÉU ABERTO'),
('0409010375', 'RESSECÇÃO ENDOSCÓPICADA EXTREMIDADE DISTAL DO URETER'),
('0409010383', 'RESSECCAO ENDOSCOPICA DE LESÃO VESICAL'),
('0409010391', 'RETIRADA PERCUTÂNEA DE CÁLCULO URETERAL COM CATETER'),
('0409010405', 'SINFISIOTOMIA DO RIM EM FERRADURA (NEFROPLASTIA)'),
('0409010413', 'TRATAMENTO CIRÚRGICO DE BEXIGA NEUROGÊNICA'),
('0409010430', 'TRATAMENTO CIRÚRGICO DE CISTOCELE'),
('0409010456', 'TRATAMENTO CIRÚRGICO DE FÍSTULA VESICO-ENTERICA'),
('0409010464', 'TRATAMENTO CIRÚRGICO DE FÍSTULA VESICO-RETAL'),
('0409010472', 'TRATAMENTO CIRÚRGICO DE FÍSTULAS URETERAIS'),
('0409010480', 'TRATAMENTO CIRÚRGICO DE HEMORRAGIA VESICAL(FORMOLIZAÇÃO DA BEXIGA)'),
('0409010499', 'TRATAMENTO CIRURGICO DE INCONTINENCIA URINARIA VIA ABDOMINAL'),
('0409010502', 'TRATAMENTO CIRÚRGICO DE REFLUXO VESICO-URETERAL'),
('0409010510', 'TRATAMENTO CIRÚRGICO DE URETEROCELE'),
('0409010529', 'URETERECTOMIA'),
('0409010537', 'URETEROCISTONEOSTOMIA'),
('0409010545', 'URETEROENTEROPLASTIA'),
('0409010553', 'URETEROENTEROSTOMIA'),
('0409010561', 'URETEROLITOTOMIA'),
('0409010570', 'URETEROPLASTIA'),
('0409010588', 'URETEROSTOMIA CUTÂNEA'),
('0409010596', 'URETEROLITOTRIPSIA TRANSURETEROSCÓPICA'),
('0409020010', 'DRENAGEM DE COLEÇÃO PERI-URETRAL'),
('0409020028', 'DRENAGEM DE FLEIMÃOURINOSO'),
('0409020044', 'INJEÇÃO DE GORDURA /TEFLON PERI-URETRAL'),
('0409020052', 'LIGADURA / SECÇÃO DE VASOS ABERRANTES'),
('0409020079', 'MEATOTOMIA SIMPLES'),
('0409020087', 'RESSECÇÃO DE CARÚNCULAURETRAL.'),
('0409020095', 'RESSECCAO DE PROLAPSO DA MUCOSA DA URETRA'),
('0409020109', 'RESSECÇÃO E FECHAMENTO DE FÍSTULA URETRAL'),
('0409020125', 'URETROPLASTIA (RESSECÇÃO DE CORDA)'),
('0409020133', 'URETROPLASTIA AUTÓGENA'),
('0409020141', 'URETROPLASTIA HETEROGENEA'),
('0409020150', 'URETRORRAFIA'),
('0409020168', 'URETROSTOMIA PERINEAL / CUTÂNEA / EXTERNA'),
('0409020176', 'URETROTOMIA INTERNA'),
('0409030015', 'DRENAGEM DE ABSCESSO PROSTÁTICO'),
('0409030023', 'PROSTATECTOMIA SUPRAPÚBICA'),
('0409030031', 'PROSTATOVESICULECTOMIA RADICAL'),
('0409030040', 'RESSECÇÃO ENDOSCÓPICA DE PRÓSTATA'),
('0409040010', 'DRENAGEM DE ABSCESSO DA BOLSA ESCROTAL'),
('0409040037', 'EPIDIDIMECTOMIA'),
('0409040045', 'EPIDIDIMECTOMIA COM ESVAZIAMENTO GANGLIONAR'),
('0409040053', 'ESPERMATOCELECTOMIA'),
('0409040070', 'EXÈRESE DE CISTO DE EPIDÍDIMO'),
('0409040088', 'EXÉRESE DE LESÃO DO CORDÃO ESPERMÁTICO'),
('0409040096', 'EXPLORACAO CIRURGICA DA BOLSA ESCROTAL'),
('0409040118', 'NEOSTOMIA DE EPIDÍDIMO / CANAL DEFERENTE'),
('0409040126', 'ORQUIDOPEXIA BILATERAL'),
('0409040134', 'ORQUIDOPEXIA UNILATERAL'),
('0409040142', 'ORQUIECTOMIA SUBCAPSULAR BILATERAL'),
('0409040150', 'ORQUIECTOMIA UNI OU BILATERAL COM ESVAZIAMENTO GANGLIONAR'),
('0409040169', 'ORQUIECTOMIA UNILATERAL'),
('0409040177', 'PLÁSTICA DA BOLSAESCROTAL'),
('0409040185', 'REPARAÇÃO E OPERAÇÃO PLÁSTICA DO TESTÍCULO'),
('0409040193', 'RESSECÇÃO PARCIAL DABOLSA ESCROTAL'),
('0409040207', 'TRATAMENTO CIRURGICO DE ELEFANTIASE DA BOLSA ESCROTAL'),
('0409040215', 'TRATAMENTO CIRÚRGICO DE HIDROCELE'),
('0409040223', 'TRATAMENTO CIRÚRGICO DE TORÇÃO DO TESTÍCULO DO CORDÃO ESPERMÁTICO'),
('0409040231', 'TRATAMENTO CIRÚRGICO DE VARICOCELE'),
('0409040240', 'VASECTOMIA'),
('0409050016', 'AMPUTAÇÃO DE PÊNIS'),
('0409050024', 'CORREÇÃO DE EPISPÁDIA'),
('0409050032', 'CORRECAO DE HIPOSPADIA (1º TEMPO)'),
('0409050040', 'CORREÇÃO DE HIPOSPADIA (SEGUNDO TEMPO)'),
('0409050075', 'PLASTICA TOTAL DO PENIS'),
('0409050083', 'POSTECTOMIA'),
('0409050091', 'RESTAURAÇÃO DA FUNÇÃO ERÉTIL DO PÊNIS'),
('0409050105', 'TRATAMENTO CIRURGICO DE ELEFANTIASE DO PENIS'),
('0409050113', 'TRATAMENTO CIRÚRGICO DE PRIAPRISMO'),
('0409050130', 'CIRURGIAS COMPLEMENTARES DE REDESIGNAÇÃO SEXUAL'),
('0409050148', 'REDESIGNAÇÃO SEXUAL NO SEXO MASCULINO'),
('0409050164', 'NEOFALOPLASTIA EM HOMENS TRANS'),
('0409060011', 'CERCLAGEM DE COLO DO UTERO'),
('0409060020', 'COLPOPERINEOPLASTIA ANTERIOR E POSTERIOR C/ AMPUTACAO DE COLO'),
('0409060038', 'EXCISÃO TIPO 3 DO COLO UTERINO'),
('0409060046', 'CURETAGEM SEMIOTICA C/ OU S/ DILATACAO DO COLO DO UTERO'),
('0409060054', 'CURETAGEM UTERINA EM MOLA HIDATIFORME'),
('0409060070', 'ESVAZIAMENTO DE UTERO POS-ABORTO POR ASPIRACAO MANUAL INTRA-UTERINA (AMIU)'),
('0409060100', 'HISTERECTOMIA (POR VIA VAGINAL)'),
('0409060119', 'HISTERECTOMIA C/ ANEXECTOMIA (UNI / BILATERAL)'),
('0409060127', 'HISTERECTOMIA SUBTOTAL'),
('0409060135', 'HISTERECTOMIA TOTAL'),
('0409060143', 'HISTERECTOMIA TOTAL AMPLIADA (WERTHEIN-MEIGS)'),
('0409060151', 'HISTERECTOMIA VIDEOLAPAROSCOPICA'),
('0409060160', 'HISTERORRAFIA'),
('0409060178', 'HISTEROSCOPIA CIRURGICA C/ RESSECTOSCOPIO'),
('0409060186', 'LAQUEADURA TUBARIA'),
('0409060194', 'MIOMECTOMIA'),
('0409060208', 'MIOMECTOMIA VIDEOLAPAROSCOPICA'),
('0409060216', 'OOFORECTOMIA / OOFOROPLASTIA'),
('0409060224', 'RESSECCAO DE VARIZES PELVICAS'),
('0409060232', 'SALPINGECTOMIA UNI / BILATERAL'),
('0409060240', 'SALPINGECTOMIA VIDEOLAPAROSCOPICA'),
('0409060259', 'SALPINGOPLASTIA'),
('0409060267', 'SALPINGOPLASTIA VIDEOLAPAROSCOPICA'),
('0409060275', 'TRAQUELOPLASTIA'),
('0409060283', 'TRATAMENTO CIRURGICO DE FISTULA VESICO-UTERINA'),
('0409060291', 'HISTERECTOMIA C/ ANEXECTOMIA BILATERAL E COLPECTOMIA SOB PROCESSO TRANSEXUALIZADOR'),
('0409060313', 'LAQUEADURA TUBÁRIA NA MESMA INTERNAÇÃO DE PARTO NORMAL'),
('0409070017', 'ALARGAMENTO DA ENTRADA VAGINAL'),
('0409070025', 'COLPECTOMIA'),
('0409070033', 'COLPOCLEISE (CIRURGIA DE LE FORT)'),
('0409070041', 'COLPOPERINEOCLEISE'),
('0409070050', 'COLPOPERINEOPLASTIA ANTERIOR E POSTERIOR'),
('0409070068', 'COLPOPERINEOPLASTIA POSTERIOR'),
('0409070076', 'COLPOPERINEORRAFIA NAO OBSTETRICA'),
('0409070084', 'COLPOPLASTIA ANTERIOR'),
('0409070092', 'COLPORRAFIA NAO OBSTETRICA'),
('0409070106', 'COLPOTOMIA'),
('0409070114', 'CONSTRUCAO DE VAGINA'),
('0409070130', 'EPISIOPERINEORRAFIA NAO OBSTETRICA'),
('0409070149', 'EXERESE DE CISTO VAGINAL'),
('0409070157', 'EXERESE DE GLÂNDULA DE BARTHOLIN / SKENE'),
('0409070190', 'MARSUPIALIZACAO DE GLÂNDULA DE BARTOLIN'),
('0409070203', 'OPERACAO DE BURCH'),
('0409070211', 'RECONSTRUCAO DA VAGINA'),
('0409070220', 'TRATAMENTO CIRURGICO DE COAPTACAO DE NINFAS'),
('0409070238', 'TRATAMENTO CIRURGICO DE FISTULA RETO-VAGINAL'),
('0409070246', 'TRATAMENTO CIRURGICO DE FISTULA URETRO-VAGINAL'),
('0409070254', 'TRATAMENTO CIRURGICO DE FISTULA VESICO-VAGINAL'),
('0409070262', 'TRATAMENTO CIRURGICO DE HIPERTROFIA DOS PEQUENOS LABIOS'),
('0409070270', 'TRATAMENTO CIRURGICO DE INCONTINÊNCIA URINÁRIA POR VIA VAGINAL'),
('0409070289', 'TRATAMENTO CIRURGICO DE VAGINA SEPTADA / ATRESICA'),
('0409070297', 'VULVECTOMIA AMPLIADA COM LINFADENECTOMIA'),
('0409070300', 'VULVECTOMIA SIMPLES'),
('0409070319', 'REDESIGNAÇÃO SEXUAL NO SEXO FEMININO I'),
('0408010010', 'ARTRODESE DE GRANDES ARTICULAÇÕES ESCAPULO-TORÁCICAS'),
('0408010029', 'ARTRODESE DE GRANDES ARTICULAÇÕES ESCAPULO-UMERAIS'),
('0408010037', 'ARTROPLASTIA ESCAPULO-UMERAL (NÃO CONVENCIONAL)'),
('0408010045', 'ARTROPLASTIA ESCAPULO-UMERAL PARCIAL'),
('0408010053', 'ARTROPLASTIA ESCAPULO-UMERAL TOTAL'),
('0408010061', 'ARTROPLASTIA ESCAPULO-UMERAL TOTAL - REVISÃO / RECONSTRUÇÃO'),
('0408010070', 'DESARTICULAÇÃO DA ARTICULAÇÃO ESCAPULO-UMERAL'),
('0408010088', 'DESARTICULAÇÃO INTERESCAPULO-TORÁCICA'),
('0408010096', 'ESCAPULOPEXIA COM OU SEM OSTEOTOMIA DA ESCAPULA / RESSECÇÃO BARRA OMO-CERVICAL'),
('0408010100', 'OSTECTOMIA DA CLAVÍCULA OU DA ESCÁPULA'),
('0408010118', 'OSTEOTOMIA DA CLAVÍCULA OU DA ESCÁPULA'),
('0408010134', 'REDUCAO INCRUENTA DE LUXAÇÃO OU FRATURA / LUXAÇÃO ESCÁPULO-UMERAL'),
('0408010142', 'REPARO DE ROTURA DO MANGUITO ROTADOR (INCLUI PROCEDIMENTOS DESCOMPRESSIVOS)'),
('0408010150', 'TRATAMENTO CIRÚRGICO DE FRATURA DA CLAVÍCULA'),
('0408010169', 'TRATAMENTO CIRURGICO DE FRATURA DO COLO E CAVIDADE GLENOIDE DE ESCAPULA'),
('0408010177', 'TRATAMENTO CIRURGICO DE FRATURA DO CORPO DE ESCAPULA'),
('0408010185', 'TRATAMENTO CIRURGICO DE LUXACAO / FRATURA-LUXACAO ACROMIO-CLAVICULAR'),
('0408010193', 'TRATAMENTO CIRÙRGICO DE LUXAÇÁO / FRATURA-LUXAÇÃO ESCÁPULO-UMERAL AGUDA'),
('0408010207', 'TRATAMENTO CIRÚRGICO DE LUXAÇÃO / FRATURA-LUXAÇÃO ESTERNO-CLAVICULAR'),
('0408010215', 'TRATAMENTO CIRÚRGICO DE LUXAÇÃO RECIDIVANTE / HABITUAL DE ARTICULAÇÃO ESCAPULO-UMERAL'),
('0408010223', 'TRATAMENTO CIRÚRGICO DE RETARDO DE CONSOLIDAÇÃO DA PSEUDARTROSE DE CLAVICULA / ESCAPULA'),
('0408010231', 'TRATAMENTO CIRÚRGICO DA SÍNDROME DO IMPACTO SUB-ACROMIAL'),
('0408020016', 'AMPUTAÇÃO / DESARTICULAÇÃO DE MÃO E PUNHO'),
('0408020024', 'AMPUTAÇÃO / DESARTICULAÇÃO DE MEMBROS SUPERIORES'),
('0408020032', 'ARTRODESE DE MÉDIAS / GRANDES ARTICULAÇÕES DE MEMBRO SUPERIOR'),
('0408020040', 'ARTROPLASTIA DE ARTICULAÇÃO DA MÃO'),
('0408020059', 'ARTROPLASTIA DE CABEÇA DO RÁDIO'),
('0408020067', 'ARTROPLASTIA DE PUNHO'),
('0408020075', 'ARTROPLASTIA TOTAL DE COTOVELO'),
('0408020083', 'ARTROPLASTIA TOTAL DE COTOVELO (REVISAO / RECONSTRUCAO)'),
('0408020091', 'RESSECÇÃO DO OLECRANO E/OU CABEÇA DO RÁDIO'),
('0408020105', 'FASCIOTOMIA DE MEMBROS SUPERIORES'),
('0408020121', 'REALINHAMENTO DE MECANISMO EXTENSOR DOS DEDOS DA MÃO'),
('0408020130', 'RECONSTRUÇÃO CAPSULO-LIGAMENTAR DE COTOVELO PUNHO'),
('0408020148', 'RECONSTRUÇÃO DE POLIA TENDINOSA DOS DEDOS DA MÃO'),
('0408020156', 'REDUÇÃO INCRUENTA DE FRATURA / LESÃO FISARIA DE COTOVELO'),
('0408020164', 'REDUÇAO INCRUENTA DE FRATURA / LESÃO FISARIA DO EXTREMO PROXIMAL DO ÚMERO'),
('0408020172', 'REDUÇÃO INCRUENTA DE FRATURA / LESÃO FISARIA NO PUNHO'),
('0408020180', 'REDUÇÃO INCRUENTA DE FRATURA / LUXAÇÃO DE MONTEGGIA OU DE GALEAZZI'),
('0408020199', 'REDUÇÃO INCRUENTA DE FRATURA DA DIÁFISE DO ÚMERO'),
('0408020202', 'REDUÇÃO INCRUENTA DE FRATURA DIAFISARIA DOS OSSOS DO ANTEBRAÇO'),
('0408020210', 'REDUÇÃO INCRUENTA DE FRATURA DOS METACARPIANOS'),
('0408020229', 'REDUÇÃO INCRUENTA DE LUXAÇÃO / FRATURA-LUXAÇÃO DO COTOVELO'),
('0408020245', 'REDUÇÃO INCRUENTA DE LUXAÇÃO OU FRATURA / LUXACAO NO PUNHO'),
('0408020253', 'REIMPLANTE DO OMBRO ATÉ O TERÇO MÉDIO DO ANTEBRAÇO'),
('0408020261', 'REIMPLANTE DO TERÇO DISTAL DO ANTEBRAÇO ATÉ OS METACARPIANOS'),
('0408020270', 'REIMPLANTE OU REVASCULARIZAÇÃO AO NÍVEL DA MÃO E OUTROS DEDOS (EXCETO POLEGAR)'),
('0408020288', 'REIMPLANTE OU REVASCULARIZAÇÃO DO POLEGAR'),
('0408020296', 'REVISÃO CIRÚGICA DE COTO DE AMPUTAÇÃO DO MEMBRO SUPERIOR (EXCETO MÃO)'),
('0408020300', 'TENOSINOVECTOMIA EM MEMBRO SUPERIOR'),
('0408020318', 'TRANSPOSIÇÃO DA ULNA PARA O RÁDIO'),
('0408020326', 'TRATAMENTO CIRÚRGICO DE DEDO EM GATILHO'),
('0408020334', 'TRATAMENTO CIRÚRGICO DE FRATURA / LESÃO FISARIA DA EXTREMIDADE PROXIMAL DO UMERO'),
('0408020342', 'TRATAMENTO CIRÚRGICO DE FRATURA / LESÃO FISARIA DAS FALANGES DA MÃO (COM FIXAÇÃO)'),
('0408020350', 'TRATAMENTO CIRÚRGICO DE FRATURA / LESÃO FISARIA DE EPI~CÔNDILO / EPITROCLEA DO ÚMERO'),
('0408020369', 'TRATAMENTO CIRÚRGICO DE FRATURA / LESÃO FISARIA DO CÔNDILO / TRÓCLEA/APOFISE CORONÓIDE DO ULNA / CABEÇA DO RÁDIO'),
('0408020377', 'TRATAMENTO CIRÚRGICO DE FRATURA / LESÃO FISARIA DOS METACARPIANOS'),
('0408020385', 'TRATAMENTO CIRÚRGICO DE FRATURA / LESÃO FISARIA SUPRACONDILIANA DO ÚMERO'),
('0408020393', 'TRATAMENTO CIRÚGICO DE FRATURA DA DIÁFISE DO ÚMERO'),
('0408020407', 'TRATAMENTO CIRÚRGICO DE FRATURA DA EXTREMIDADE / METÁFISE DISTAL DOS OSSOS DO ANTEBRAÇO'),
('0408020415', 'TRATAMENTO CIRÚRGICO DE FRATURA DE EXTREMIDADES / METÁFISE PROXIMAL DOS OSSOS DO ANTEBRAÇO'),
('0408020423', 'TRATAMENTO CIRÚRGICO DE FRATURA DIAFISARIA DE AMBOS OS OSSOS DO ANTEBRAÇO (C/ SINTESE)'),
('0408020431', 'TRATAMENTO CIRÚRGICO DE FRATURA DIAFISARIA ÚNICA DO RÁDIO / DA ULNA'),
('0408020440', 'TRATAMENTO CIRÚRGICO DE FRATURA LESÃO FISARIA DOS OSSOS DO ANTEBRAÇO'),
('0408020458', 'TRATAMENTO CIRÚRGICO DE FRATURA-LUXAÇÃO DE GALEAZZI / MONTEGGIA / ESSEX-LOPRESTI'),
('0408020466', 'TRATAMENTO CIRÚRGICO DE FRATURAS DOS OSSOS DO CARPO'),
('0408020474', 'TRATAMENTO CIRÚRGICO DE GIGANTISMO DA MÃO'),
('0408020482', 'TRATAMENTO CIRÚRGICO DE LESÃO AGUDA CAPSULO-LIGAMENTAR DO MEMBRO SUPERIOR: COTOVELO / PUNHO'),
('0408020490', 'TRATAMENTO CIRÚRGICO DE LESÃO DA MUSCULATURA INTRÍNSECA DA MÃO'),
('0408020504', 'TRATAMENTO CIRÚRGICO DE LESÃO EVOLUTIVA FISARIA NO MEMBRO SUPERIOR'),
('0408020512', 'TRATAMENTO CIRÚRGICO DE LUXAÇÃO / FRATURA-LUXAÇÃO CARPO-METACARPIANA'),
('0408020520', 'TRATAMENTO CIRÚRGICO DE LUXAÇÃO / FRATURA-LUXACAO DOS OSSOS DO CARPO'),
('0408020539', 'TRATAMENTO CIRÚRGICO DE LUXAÇÃO / FRATURA-LUXAÇÃO METACARPO-FALANGIANA'),
('0408020547', 'TRATAMENTO CIRÚRGICO DE LUXAÇÃO OU FRATURA-LUXAÇÃO DO COTOVELO'),
('0408020555', 'TRATAMENTO CIRÚRGICO DE PSEUDARTROSE / RETARDO DE CONSOLIDAÇÃO / PERDA ÓSSEA DA MÃO'),
('0408020563', 'TRATAMENTO CIRÚRGICO DE PSEUDARTROSE / RETARDO DE CONSOLIDAÇÃO / PERDA ÓSSEA DO ANTEBRAÇO'),
('0408020571', 'TRATAMENTO CIRÚRGICO DE PSEUDARTROSE / RETARDO DE CONSOLIDAÇÃO / PERDA ÓSSEA DO ÚMERO'),
('0408020580', 'TRATAMENTO CIRÚRGICO DE PSEUDARTROSE AO NÍVEL DO COTOVELO'),
('0408020598', 'TRATAMENTO CIRÚRGICO DE PSEUDARTROSE NA REGIÃO METAFISE-EPIFISÁRIA DISTAL DO RÁDIO E ULNA'),
('0408020601', 'TRATAMENTO CIRÚRGICO DE PSEUDO-RETARDO / CONSOLIDAÇÃO / PERDA ÓSSEA AO ÍIVEL DO CARPO'),
('0408020610', 'TRATAMENTO CIRÚRGICO DE ROTURA / DESINSERÇÃO / ARRANCAMENTO CAPSULO-TENO-LIGAMENTAR NA MÃO'),
('0408020628', 'TRATAMENTO CIRÚRGICO DE SINDACTILIA DA MÃO (POR ESPACO INTERDIGITAL)'),
('0408020636', 'TRATAMENTO CIRÚRGICO DE SINOSTOSE RÁDIO ULNAR'),
('0408020644', 'TRATAMENTO CIRÚRGICO P/ CENTRALIZAÇÃO DO PUNHO'),
('0408030011', 'ARTRODESE CERVICAL / CERVICO TORÁCICA POSTERIOR CINCO NIVEIS'),
('0408030020', 'ARTRODESE CERVICAL / CERVICO-TORÁCICA POSTERIOR UM NÍVEL'),
('0408030038', 'ARTRODESE CERVICAL / CERVICO-TORÁCICA POSTERIOR DOIS NÍVEIS'),
('0408030046', 'ARTRODESE CERVICAL / CERVICO-TORÁCICA POSTERIOR SEIS NÍVEIS'),
('0408030054', 'ARTRODESE CERVICAL / CERVICO-TORÁCICA POSTERIOR TRES NÍVEIS'),
('0408030062', 'ARTRODESE CERVICAL ANTERIOR TRÊS NIVEIS'),
('0408030070', 'ARTRODESE CERVICAL ANTERIOR DOIS NÍVEIS'),
('0408030089', 'ARTRODESE CERVICAL ANTERIOR C1-C2 VIA TRANS-ORAL / EXTRA-ORAL'),
('0408030097', 'ARTRODESE CERVICAL ANTERIOR CINCO NÍVEIS'),
('0408030100', 'ARTRODESE CERVICAL ANTERIOR QUATRO NÍVEIS'),
('0408030119', 'ARTRODESE CERVICAL ANTERIOR UM NÍVEL'),
('0408030127', 'ARTRODESE CERVICAL POSTERIOR C1-C2'),
('0408030135', 'ARTRODESE INTERSOMATICA VIA POSTERIOR / POSTERO-LATERAL UM NÍVEL'),
('0408030143', 'ARTRODESE INTERSOMATICA VIA POSTERIOR / POSTERO-LATERAL DOIS NÍVEIS'),
('0408030151', 'ARTRODESE INTERSOMATICA VIA POSTERIOR / POSTERO-LATERAL QUATRO NÍVEIS'),
('0408030160', 'ARTRODESE INTERSOMATICA VIA POSTERIOR / POSTERO-LATERAL TRES NÍVEIS'),
('0408030178', 'ARTRODESE OCCIPTO-CERVICAL (C2) POSTERIOR'),
('0408030186', 'ARTRODESE OCCIPTO-CERVICAL (C3)POSTERIOR'),
('0408030194', 'ARTRODESE OCCIPTO-CERVICAL (C4)POSTERIOR'),
('0408030208', 'ARTRODESE OCCIPTO-CERVICAL (C5) POSTERIOR'),
('0408030216', 'ARTRODESE OCCIPTO-CERVICAL (C6)POSTERIOR'),
('0408030224', 'ARTRODESE OCCIPTO-CERVICAL (C7) POSTERIOR'),
('0408030232', 'ARTRODESE TORACO-LOMBO-SACRA ANTERIOR UM NÍVEL'),
('0408030240', 'ARTRODESE TORACO-LOMBO-SACRA ANTERIOR DOIS NIVEIS'),
('0408030259', 'ARTRODESE TORACO-LOMBO-SACRA ANTERIOR, TRES NIVEIS,'),
('0408030267', 'ARTRODESE TORACO-LOMBO-SACRA POSTERIOR UM NÍVEL'),
('0408030275', 'ARTRODESE TORACO-LOMBO-SACRA POSTERIOR TRÊS NIVEIS'),
('0408030283', 'ARTRODESE TORACO-LOMBO-SACRA POSTERIOR CINCO NÍVEIS'),
('0408030291', 'ARTRODESE TORACO-LOMBO-SACRA POSTERIOR, DOIS NÍVEIS,'),
('0408030305', 'ARTRODESE TORACO-LOMBO-SACRA POSTERIOR, QUATRO NÍVEIS,'),
('0408030313', 'ARTRODESE TORACO-LOMBO-SACRA POSTERIOR, SEIS NÍVEIS,'),
('0408030321', 'ARTRODESE TORACO-LOMBO-SACRA POSTERIOR, SETE NIVEIS,'),
('0408030330', 'COSTO-TRANSVERSECTOMIA'),
('0408030348', 'COSTOPLASTIA (3 OU MAIS COSTELAS)'),
('0408030356', 'DESCOMPRESSÃO DA JUNÇÃO CRANIO-CERVICAL VIA TRANSORAL / RETROFARINGEA'),
('0408030364', 'DESCOMPRESSÃO OSSEA NA JUNÇÃO CRANIO-CERVICAL VIA POSTERIOR'),
('0408030372', 'DESCOMPRESSÃO OSSEA NA JUNÇÃO CRANIO-CERVICAL VIA POSTERIOR C/ DUROPLASTIA'),
('0408030380', 'DISCECTOMIA CERVICAL / LOMBAR / LOMBO-SACRA POR VIA POSTERIOR (1 NÍVEL C/ MICROSCÓPIO)'),
('0408030399', 'DISCECTOMIA CERVICAL / LOMBAR / LOMBO-SACRA POR VIA POSTERIOR (UM NÍVEL)'),
('0408030402', 'DISCECTOMIA CERVICAL / LOMBAR / LOMBO-SACRA POR VIA POSTERIOR (DOIS NÍVEIS)'),
('0408030410', 'DISCECTOMIA CERVICAL / LOMBAR / LOMBO-SACRA POR VIA POSTERIOR (DOIS OU MAIS NÍVEIS C/ MICROSCÓPIO)'),
('0408030429', 'DISCECTOMIA CERVICAL ANTERIOR (ATÉ 2 NÍVEIS C/ MICROSCÓPIO)'),
('0408030437', 'DISCECTOMIA CERVICAL POR VIA ANTERIOR (1 NÍVEL)'),
('0408030445', 'DISCECTOMIA CERVICAL POR VIA ANTERIOR (2 OU MAIS NÍVEIS)'),
('0408030453', 'DISCECTOMIA TORACO-LOMBO-SACRA POR VIA ANTERIOR (C/ 2 OU MAIS NÍVEIS)'),
('0408030461', 'DISCECTOMIA TORACO-LOMBO-SACRA POR VIA ANTERIOR (1 NÍVEL)'),
('0408030470', 'DRENAGEM CIRÚRGICA DO ILIOPSOAS'),
('0408030500', 'RESSECÇÃO DE 2 OU MAIS CORPOS VERTEBRAIS CERVICAIS'),
('0408030518', 'RESSECÇÃO DE 2 OU MAIS CORPOS VERTEBRAIS TORACO-LOMBO-SACROS'),
('0408030526', 'RESSEÇÃO DE COCCIX'),
('0408030534', 'RESSECÇÃO DE ELEMENTO VERTEBRAL POSTERIOR / POSTERO-LATERAL / DISTAL A C2 (MAIS DE 2 SEGMENTOS)'),
('0408030542', 'RESSECÇÃO DE ELEMENTO VERTEBRAL POSTERIOR / POSTERO-LATERAL DISTAIL A C2 (AT 2 SEGMENTOS)'),
('0408030550', 'RESSECÇÃO DE UM CORPO VERTEBRAL CERVICAL'),
('0408030569', 'RESSECÇÃO DE UM CORPO VERTEBRAL TORACO-LOMBO-SACRO'),
('0408030577', 'RETIRADA DE CORPO ESTRANHO DA COLUNA CERVICAL POR VIA ANTERIOR'),
('0408030585', 'RETIRADA DE CORPO ESTRANHO DA COLUNA CERVICAL POR VIA POSTERIOR'),
('0408030593', 'RETIRADA DE CORPO ESTRANHO DA COLUNA TORACO-LOMBO-SACRA POR VIA ANTERIOR'),
('0408030607', 'RETIRADA DE CORPO ESTRANHO DA COLUNA TORACO-LOMBO-SACRA POR VIA POSTERIOR'),
('0408030615', 'REVISÃO DE ARTRODESE / TRATAMENTO CIRÚRGICO DE PSEUDARTOSE DA COLUNA TORACO-LOMBO-SACRA ANTERIOR'),
('0408030623', 'REVISÃO DE ARTRODESE / TRATAMENTO CIRÚRGICO DE PSEUDARTROSE DA COLUNA CERVICAL POSTERIOR'),
('0408030631', 'REVISÃO DE ARTRODESE / TRATAMENTO CIRÚRGICO DE PSEUDARTROSE DA COLUNA TORACO-LOMBO-SACRA POSTERIOR'),
('0408030640', 'REVISÃO DE ARTRODESE TRATAMENTO CIRÚRGICO DE PSEUDOARTORSE DA COLUNA CERVICAL ANTERIOR'),
('0408030658', 'TRATAMENTO CIRÚRGICO DE DEFORMIDADE DA COLUNA VIA ANTERO-POSTERIOR NOVE OU MAIS NÍVEIS'),
('0408030666', 'TRATAMENTO CIRÚRGICO DE DEFORMIDADE DA COLUNA VIA ANTERIOR OITO NÍVEIS'),
('0408030674', 'TRATAMENTO CIRÚRGICO DE DEFORMIDADE DA COLUNA VIA ANTERIOR QUATRO NÍVEIS'),
('0408030682', 'TRATAMENTO CIRÚRGICO DE DEFORMIDADE DA COLUNA VIA ANTERIOR CINCO NÍVEIS'),
('0408030690', 'TRATAMENTO CIRÚRGICO DE DEFORMIDADE DA COLUNA VIA ANTERIOR POSTERIOR ATÉ OITO NÍVEIS'),
('0408030704', 'VERTEBROPLASTIA POR DISPOSITIVO GUIADO EM UM NÍVEL'),
('0408030712', 'TRATAMENTO CIRÚRGICO DE DEFORMIDADE DA COLUNA VIA ANTERIOR SEIS NÍVEIS'),
('0408030720', 'TRATAMENTO CIRÚRGICO DE DEFORMIDADE DA COLUNA VIA ANTERIOR SETE NÍVEIS'),
('0408030739', 'TRATAMENTO CIRÚRGICO DE DEFORMIDADE DA COLUNA VIA POSTERIOR OITO NIVEIS'),
('0408030747', 'TRATAMENTO CIRÚRGICO DE FRATURA NIVEL C1 - C2 POR VIA ANTERIOR (OSTEOSSINTESE)'),
('0408030755', 'TRATAMENTO CIRÚRGICO DE TORCICOLO CONGENITO'),
('0408030763', 'TRATAMENTO CIRÚRGICO DE DEFORMIDADE DA COLUNA VIA POSTERIOR NOVE NÍVEIS'),
('0408030771', 'TRATAMENTO CIRÚRGICO DESCOMPRESSIVO AO NÍVEL DO DESFILADEIRO TORACICO'),
('0408030780', 'VERTEBROPLASTIA POR DISPOSITIVO GUIADO DOIS NÍVEIS'),
('0408030798', 'VERTEBROPLASTIA POR DISPOSITIVO GUIADO TRES NÍVEIS'),
('0408030801', 'TRATAMENTO CIRÚRGICO DE DEFORMIDADE DA COLUNA VIA POSTERIOR DOZE NIVEIS OU MAIS'),
('0408030810', 'TRATAMENTO CIRURGICO DE DEFORMIDADE DA COLUNA VIA POSTERIOR DEZ NIVEIS'),
('0408030828', 'TRATAMENTO CIRÚRGICO DE DEFORMIDADE DA COLUNA VIA POSTERIOR ONZE NÍVEIS'),
('0408030836', 'TRATAMENTO CIRÚRGICO DE DEFORMIDADE DA COLUNA VIA ANTERIOR DOIS NÍVEIS'),
('0408030844', 'TRATAMENTO CIRÚRGICO DE DEFORMIDADE DA COLUNA VIA ANTERIOR TRÊS NÍVEIS'),
('0408030852', 'TRATAMENTO CIRÚRGICO DE DEFORMIDADE DA COLUNA VIA POSTERIOR CINCO NÍVEIS'),
('0408030860', 'TRATAMENTO CIRÚRGICO DE DEFORMIDADE DA COLUNA VIA POSTERIOR SEIS NÍVEIS'),
('0408030879', 'TRATAMENTO CIRÚRGICO DE DEFORMIDADE DA COLUNA VIA POSTERIOR TRÊS NÍVEIS'),
('0408030887', 'TRATAMENTO CIRÚRGICO DE DEFORMIDADE DA COLUNA VIA POSTERIOR QUATRO NÍVEIS'),
('0408030895', 'TRATAMENTO CIRÚRGICO DE DEFORMIDADE DA COLUNA VIA POSTERIOR DOIS NÍVEIS'),
('0408030909', 'TRATAMENTO CIRÚRGICO DE DEFORMIDADE DA COLUNA VIA POSTERIOR SETE NÍVEIS'),
('0408030917', 'ARTRODESE CERVICAL / CERVICO TORÁCICA POSTERIOR QUATRO NÍVEIS'),
('0408040017', 'ARTRODESE COXOFEMORAL'),
('0408040025', 'ARTRODESE DA SÍNFISE PÚBICA'),
('0408040033', 'ARTRODESE DE ARTICULAÇÕES SACROILIACAS'),
('0408040041', 'ARTROPLASTIA DE QUADRIL (NÃO CONVENCIONAL)'),
('0408040050', 'ARTROPLASTIA PARCIAL DE QUADRIL'),
('0408040068', 'ARTROPLASTIA TOTAL DE CONVERSÃO DO QUADRIL'),
('0408040076', 'ARTROPLASTIA DE REVISÃO OU RECONSTRUÇÃO DO QUADRIL'),
('0408040084', 'ARTROPLASTIA TOTAL PRIMÁRIA DO QUADRIL CIMENTADA'),
('0408040092', 'ARTROPLASTIA TOTAL PRIMARIA DO QUADRIL NÃO CIMENTADA / HÍBRIDA'),
('0408040106', 'DESARTICULAÇÃO COXOFEMORAL'),
('0408040114', 'DESARTICULAÇÃO INTERÍLIO-ABDOMINAL'),
('0408040122', 'EPIFISIODESE DO TROCANTER MAIOR DO FÊMUR'),
('0408040130', 'EPIFISIODESE FEMORAL PROXIMAL IN SITU'),
('0408040149', 'OSTECTOMIA DA PELVE'),
('0408040157', 'OSTEOTOMIA DA PELVE'),
('0408040165', 'RECONSTRUÇÃO OSTEOPLASTICA DO QUADRIL'),
('0408040173', 'REDUÇÃO INCRUENTA C/ MANIPULAÇÃO DE LUXAÇÃO ESPONTÂNEA / PROGRESSIVA DO QUADRIL COM APLICAÇÃO DE DISPOSITIVOS DE CONTENÇÃO'),
('0408040181', 'REDUÇÃO INCRUENTA DE LUXAÇÃO CONGÊNITA COXOFEMORAL'),
('0408040190', 'REDUÇÃO INCRUENTA DE LUXAÇÃO COXOFEMORAL TRAUMÁTICA / PÓS-ARTROPLASTIA'),
('0408040203', 'REDUÇÃO INCRUENTA DISJUNÇÃO / LUXAÇÃO / FRATURA / FRATURA-LUXAÇÃO AO NÍVEL DO ANEL PÉLVICO'),
('0408040220', 'REVISÃO CIRÚRGICA DE LUXAÇÃO COXOFEMORAL CONGÊNITA'),
('0408040238', 'TRANSPOSIÇÃO / ALONGAMENTO MIOTENDINOSO DO ILIOPSOAS EM DOENÇA NEUROMUSCULAR'),
('0408040246', 'TRATAMENTO CIRÚRGICO DA AVULSÃO DE TUBEROSIDADES / ESPINHAS E CRISTA ILÍACA S/ LESÃO DO ANEL PÉLVICO'),
('0408040254', 'TRATAMENTO CIRÚRGICO DE ASSOCIAÇÃO FRATURA / LUXAÇÃO / FRATURA-LUXAÇÃO / DISJUNÇÃO DO ANEL PÉLVICO'),
('0408040262', 'TRATAMENTO CIRÚRGICO DE FRATURA / LUXAÇÃO / FRATURA-LUXAÇÃO / DISJUNÇÃO DO ANEL PÉLVICO ANTERO-POSTERIOR'),
('0408040270', 'TRATAMENTO CIRÚRGICO DE FRATURA / LUXAÇÃO / FRATURA-LUXAÇÃO DO COCCIX'),
('0408040289', 'TRATAMENTO CIRÚRGICO DE FRATURA / LUXAÇÃO COXOFEMORAL C/ FRATURA DA EPÍFISE FEMORAL'),
('0408040297', 'TRATAMENTO CIRÚRGICO DE FRATURA DO ACETÁBULO'),
('0408040300', 'TRATAMENTO CIRÚRGICO DE FRATURA DO SACRO'),
('0408040319', 'TRATAMENTO CIRÚRGICO DE FRATURA-LUXAÇÃO DA ARTICULAÇÃO COXOFEMORAL (DUPLO ACESSO)'),
('0408040327', 'TRATAMENTO CIRURGICO DE LUXACAO COXO-FEMORAL CONGENITA'),
('0408040335', 'TRATAMENTO CIRURGICO DE LUXACAO COXO-FEMORAL TRAUMATICA / POS-ARTROPLASTIA'),
('0408040343', 'TRATAMENTO CIRURGICO DE LUXACAO ESPONTANEA / PROGRESSIVA / PARALITICA DO QUADRIL'),
('0408050012', 'AMPUTACAO / DESARTICULACAO DE MEMBROS INFERIORES'),
('0408050020', 'AMPUTACAO / DESARTICULACAO DE PE E TARSO'),
('0408050039', 'ARTRODESE DE MEDIAS / GRANDES ARTICULAÇÕES DE MEMBRO INFERIOR'),
('0408050047', 'ARTROPLASTIA DE JOELHO (NÃO CONVENCIONAL)'),
('0408050055', 'ARTROPLASTIA TOTAL DE JOELHO - REVISÃO / RECONSTRUÇÃO'),
('0408050063', 'ARTROPLASTIA TOTAL PRIMÁRIA DO JOELHO'),
('0408050071', 'ARTROPLASTIA UNICOMPARTIMENTAL PRIMÁRIA DO JOELHO'),
('0408050080', 'FASCIOTOMIA DE MEMBROS INFERIORES'),
('0408050101', 'PATELECTOMIA TOTAL OU PARCIAL'),
('0408050110', 'QUADRICEPSPLASTIA'),
('0408050128', 'REALINHAMENTO DO MECANISMO EXTENSOR DO JOELHO'),
('0408050136', 'RECONSTRUÇÃODE TENDAO PATELAR / TENDAO QUADRICIPITAL'),
('0408050144', 'RECONSTRUÇÃO LIGAMENTAR DO TORNOZELO'),
('0408050152', 'RECONSTRUÇÃO LIGAMENTAR EXTRA-ARTICULAR DO JOELHO'),
('0408050160', 'RECONSTRUÇÃOLIGAMENTAR INTRA-ARTICULAR DO JOELHO (CRUZADO ANTERIOR)'),
('0408050179', 'RECONSTRUÇÃO LIGAMENTAR INTRA-ARTICULAR DO JOELHO (CRUZADO POSTERIOR COM OU SEM ANTERIOR)'),
('0408050195', 'REDUCAO INCRUENTA DA LUXACAO / FRATURA-LUXACAO METATARSO-FALANGIANA / INTERFALANGIANA DO PE'),
('0408050209', 'REDUCAO INCRUENTA DE FRATURA / LESAO FISARIA DOS METATARSIANOS'),
('0408050217', 'REDUCAO INCRUENTA DE FRATURA / LUXACAO / FRATURA-LUXACAO DO TORNOZELO'),
('0408050225', 'REDUCAO INCRUENTA DE FRATURA DIAFISARIA / LESAO FISARIA DISTAL DA TIBIA C/ OU S/ FRATURA DA FIBULA'),
('0408050233', 'REDUCAO INCRUENTA DE FRATURA DIAFISARIA / LESAO FISARIA PROXIMAL DO FEMUR'),
('0408050241', 'REDUCAO INCRUENTA DE FRATURA DOS OSSOS DO TARSO'),
('0408050250', 'REDUCAO INCRUENTA DE FRATURA OU LESAO FISARIA DO JOELHO'),
('0408050268', 'REDUCAO INCRUENTA DE LUXACAO / FRATURA-LUXACAO DO JOELHO'),
('0408050276', 'REDUCAO INCRUENTA DE LUXACAO FEMURO-PATELAR'),
('0408050284', 'REDUCAO INCRUENTA DE LUXACAO OU FRATURA / LUXACAO SUBTALAR E INTRATARSICA'),
('0408050292', 'REDUCAO INCRUENTA DE LUXACAO OU FRATURA / LUXACAO TARSO-METATARSICA'),
('0408050306', 'REIMPLANTE AO NIVEL DA COXA ATE O TERCO PROXIMAL DA PERNA'),
('0408050314', 'REIMPLANTE DO TERCO MEDIO DA PERNA ATE O PE'),
('0408050322', 'REPARO DE BAINHA TENDINOSA AO NIVEL DO TORNOZELO'),
('0408050330', 'REVISÃO CIRURGICA DE COTO DE AMPUTAÇÃO EM MEMBRO INFERIOR (EXCETO DEDOS DO PÉ)'),
('0408050349', 'REVISÃO CIRÚRGICA DO PE TORTO CONGENITO'),
('0408050357', 'SINDACTILIA CIRURGICA DOS DEDOS DO PE (PROCEDIMENTO TIPO KELIKIAN)'),
('0408050365', 'TALECTOMIA'),
('0408050373', 'TENOSINOVECTOMIA EM MEMBRO INFERIOR'),
('0408050381', 'TRANSFERÊNCIA DO GRANDE TROCANTER (PROCEDIMENTO ISOLADO)'),
('0408050390', 'TRANSFERENCIA MUSCULAR / TENDINOSA NO MEMBRO INFERIOR'),
('0408050403', 'TRANSPLANTE DE MENISCO'),
('0408050411', 'TRANSPOSIÇÃO DA FIBULA PARA A TIBIA'),
('0408050420', 'TRATAMENTO CIRÚRGICO DAS DESINSERCOES DAS ESPINHAS INTERCONDILARES / EPICONDILARES'),
('0408050438', 'TRATAMENTO CIRURGICO DE AVULSAO DO GRANDE E DO PEQUENO TROCANTER'),
('0408050446', 'TRATAMENTO CIRÚRGICO DE COALIZÃO TARSAL'),
('0408050454', 'TRATAMENTO CIRURGICO DE FRATURA / LESAO FISARIA DE OSSOS DO MEDIO-PE'),
('0408050462', 'TRATAMENTO CIRURGICO DE FRATURA / LESAO FISARIA DOS METATARSIANOS'),
('0408050470', 'TRATAMENTO CIRURGICO DE FRATURA / LESAO FISARIA DOS PODODACTILOS'),
('0408050489', 'TRATAMENTO CIRURGICO DE FRATURA / LESAO FISARIA PROXIMAL (COLO) DO FEMUR (SINTESE)'),
('0408050497', 'TRATAMENTO CIRÚRGICO DE FRATURA BIMALEOLAR / TRIMALEOLAR / DA FRATURA-LUXAÇÃO DO TORNOZELO'),
('0408050500', 'TRATAMENTO CIRÚRGICO DE FRATURA DA DIÁFISE DA TÍBIA'),
('0408050519', 'TRATAMENTO CIRÚRGICO DE FRATURA DA DIÁFISE DO FÊMUR'),
('0408050527', 'TRATAMENTO CIRÚRGICO DE FRATURA DA PATELA POR FIXAÇÃO INTERNA'),
('0408050535', 'TRATAMENTO CIRÚRGICO DE FRATURA DO CALCÂNEO'),
('0408050543', 'TRATAMENTO CIRÚRGICO DE FRATURA DO PILÃO TIBIAL'),
('0408050551', 'TRATAMENTO CIRÚRGICO DE FRATURA DO PLANALTO TIBIAL'),
('0408050560', 'TRATAMENTO CIRÚRGICO DE FRATURA DO TALUS'),
('0408050578', 'TRATAMENTO CIRÚRGICO DE FRATURA DO TORNOZELO UNIMALEOLAR'),
('0408050586', 'TRATAMENTO CIRÚRGICO DE FRATURA INTERCONDILEANA / DOS CÔNDILOS DO FÊMUR'),
('0408050594', 'TRATAMENTO CIRÚRGICO DE FRATURA LESÃO FISÁRIA AO NÍVEL DO JOELHO'),
('0408050608', 'TRATAMENTO CIRÚRGICO DE FRATURA LESÃO FISÁRIA DISTAL DE TÍBIA'),
('0408050616', 'TRATAMENTO CIRÚRGICO DE FRATURA SUBTROCANTERIANA'),
('0408050624', 'TRATAMENTO CIRÚRGICO DE FRATURA SUPRACONDILEANA DO FÊMUR (METÁFISE DISTAL)'),
('0408050632', 'TRATAMENTO CIRÚRGICO DE FRATURA TRANSTROCANTERIANA'),
('0408050640', 'TRATAMENTO CIRÚRGICO DE GIGANTISMO DO PÉ'),
('0408050659', 'TRATAMENTO CIRÚRGICO DE HALUX VALGUS COM OSTEOTOMIA DO PRIMEIRO OSSO METATARSIANO'),
('0408050667', 'TRATAMENTO CIRÚRGICO DE LESÃO AGUDA CAPSULO-LIGAMENTAR MEMBRO INFERIOR (JOELHO / TORNOZELO)'),
('0408050675', 'TRATAMENTO CIRÚRGICO DE LESÃO EVOLUTIVA FISÁRIA NO MEMBRO INFERIOR'),
('0408050683', 'TRATAMENTO CIRÚRGICO DE LUXAÇÃO / FRATURA-LUXAÇÃO AO NÍVEL DO JOELHO'),
('0408050691', 'TRATAMENTO CIRÚRGICO DE LUXAÇÃO / FRATURA-LUXAÇÃO METATARSO-FALANGIANA / INTER-FALANGIANA'),
('0408050705', 'TRATAMENTO CIRÚRGICO DE LUXAÇÃO / FRATURA-LUXAÇÃO SUBTALAR E INTRA-TARSICA'),
('0408050713', 'TRATAMENTO CIRÚRGICO DE LUXAÇÃO / FRATURA-LUXAÇÃO TARSO-METATARSICA'),
('0408050721', 'TRATAMENTO CIRÚRGICO DE METATARSO PRIMO VARO'),
('0408050730', 'TRATAMENTO CIRÚRGICO DE PÉ CAVO'),
('0408050748', 'TRATAMENTO CIRÚRGICO DE PÉ PLANO VALGO'),
('0408050756', 'TRATAMENTO CIRÚRGICO DE PÉ TALO VERTICAL'),
('0408050764', 'TRATAMENTO CIRÚRGICO DE PÉ TORTO CONGÊNITO'),
('0408050772', 'TRATAMENTO CIRÚRGICO DE PÉ TORTO CONGÊNITO INVETERADO'),
('0408050780', 'TRATAMENTO CIRÚRGICO DE PSEUDARTROSE / RETARDO DE CONSOLIDAÇÃO / PERDA ÓSSEA AO NÍVEL DO TARSO'),
('0408050799', 'TRATAMENTO CIRÚRGICO DE PSEUDARTROSE / RETARDO DE CONSOLIDAÇÃO / PERDA ÓSSEA DA DIÁFISE DO FÊMUR'),
('0408050802', 'TRATAMENTO CIRÚRGICO DE PSEUDARTROSE / RETARDO DE CONSOLIDAÇÃO / PERDA ÓSSEA DA REGIÃO TROCANTERIANA'),
('0408050810', 'TRATAMENTO CIRÚRGICO DE PSEUDARTROSE / RETARDO DE CONSOLIDAÇÃO / PERDA ÓSSEA DO COLO DO FÊMUR'),
('0408050829', 'TRATAMENTO CIRÚRGICO DE PSEUDARTROSE / RETARDO DE CONSOLIDAÇÃO / PERDA ÓSSEA DO PÉ'),
('0408050837', 'TRATAMENTO CIRÚRGICO DE PSEUDARTROSE / RETARDO DE CONSOLIDAÇÃO / PERDA ÓSSEA METÁFISE DISTAL DO FÊMUR'),
('0408050845', 'TRATAMENTO CIRÚRGICO DE PSEUDARTROSE / RETARDO DE CONSOLIDAÇÃO AO NÍVEL DO JOELHO'),
('0408050853', 'TRATAMENTO CIRÚRGICO DE PSEUDARTROSE CONGÊNITA DA TÍBIA'),
('0408050861', 'TRATAMENTO CIRÚRGICO DE PSEUDARTROSE / RETARDO DE CONSOLIDAÇÃO / PERDA ÓSSEA DA DIÁFISE TIBIAL'),
('0408050870', 'TRATAMENTO CIRÚRGICO DE PSEUDARTROSE / RETARDO DE CONSOLIDAÇÃO/ PERDA ÓSSEA DA METÁFISE TIBIAL'),
('0408050888', 'TRATAMENTO CIRÚRGICO DE ROTURA DE MENISCO COM SUTURA MENISCAL UNI / BICOMPATIMENTAL'),
('0408050896', 'TRATAMENTO CIRÚRGICO DE ROTURA DO MENISCO COM MENISCECTOMIA PARCIAL / TOTAL'),
('0408050900', 'TRATAMENTO CIRÚRGICO DO HALUX RIGIDUS'),
('0408050918', 'TRATAMENTO CIRÚRGICO DO HALUX VALGUS S/ OSTEOTOMIA DO PRIMEIRO OSSO METATARSIANO'),
('0408050926', 'TRATAMENTO DAS LESÕES OSTEO-CONDRAIS POR FIXAÇÃO OU MOSAICOPLASTIA JOELHO/TORNOZELO'),
('0408060018', 'ALONGAMENTO / ENCURTAMENTO MIOTENDINOSO'),
('0408060026', 'ALONGAMENTO E/OU TRANSPORTE DE OSSOS DA MÃO E/OU DO PÉ'),
('0408060034', 'ALONGAMENTO E/OU TRANSPORTE ÓSSEO DE OSSOS LONGOS (EXCETO DA MÃO E DO PÉ)'),
('0408060042', 'AMPUTAÇÃO / DESARTICULAÇÃO DE DEDO'),
('0408060050', 'ARTRODESE DE PEQUENAS ARTICULAÇÕES'),
('0408060069', 'ARTROPLASTIA DE RESSECÇÃO DE MÉDIA / GRANDE ARTICULAÇÃO'),
('0408060077', 'ARTROPLASTIA DE RESSECÇÃO DE PEQUENAS ARTICULAÇÕES'),
('0408060085', 'BURSECTOMIA'),
('0408060093', 'DESCOMPRESSÃO COM ESVAZIAMENTO MEDULAR POR BROCAGEM / VIA CORTICOTOMIA'),
('0408060107', 'DIAFISECTOMIA DE OSSOS LONGOS'),
('0408060115', 'ENCURTAMENTO DE OSSOS LONGOS EXCETO DA MÃO E DO PÉ'),
('0408060123', 'EXPLORAÇÃO ARTICULAR C/ OU S/ SINOVECTOMIA DE MÉDIAS / GRANDES ARTICULAÇÕES'),
('0408060131', 'EXPLORAÇÃO ARTICULAR C/ OU S/ SINOVECTOMIA DE PEQUENAS ARTICULAÇÕES'),
('0408060140', 'FASCIECTOMIA'),
('0408060158', 'MANIPULAÇÃO ARTICULAR'),
('0408060166', 'OSTECTOMIA DE OSSOS DA MÃO E/OU DO PÉ'),
('0408060174', 'OSTECTOMIA DE OSSOS LONGOS EXCETO DA MÃO E DO PÉ'),
('0408060182', 'OSTEOTOMIA DE OSSOS DA MÃO E/OU DO PÉ'),
('0408060190', 'OSTEOTOMIA DE OSSOS LONGOS EXCETO DA MÃO E DO PÉ'),
('0408060204', 'REINSERÇÃO MUSCULAR'),
('0408060212', 'RESSECÇÃO DE CISTO SINOVIAL'),
('0408060239', 'RESSECÇÃO DE TUMOR E RECONSTRUÇÃO C/ RETALHO MICROCIRÚRGICO'),
('0408060247', 'RESSECÇÃO DE TUMOR E RECONSTRUÇÃO C/ RETALHO NÃO MICROCIRÚRGICO (EXCETO MÃO E PÉ)'),
('0408060255', 'RESSECÇÃO DE TUMOR E RECONSTRUÇÃO C/ TRANSPORTE ÓSSEO'),
('0408060263', 'RESSECÇÃO DE TUMOR ÓSSEO C/ SUBSTITUIÇÃO (ENDOPRÓTESE)'),
('0408060271', 'RESSECÇÃO DE TUMOR ÓSSEO E RECONSTRUÇÃO C/ ENXERTO'),
('0408060280', 'RESSECÇÃO DE TUMOR ÓSSEO E RECONSTRUÇÃO C/ RETALHO NÃO MICROCIRÚRGICO (APENAS MÃO E PÉ)'),
('0408060298', 'RESSECÇÃO DE TUMOR ÓSSEO E RECONSTRUÇÃO POR DESLIZAMENTO'),
('0408060301', 'RESSECÇÃO MUSCULAR'),
('0408060310', 'RESSECÇÃO SIMPLES DE TUMOR ÓSSEO / DE PARTES MOLES'),
('0408060328', 'RETIRADA DE CORPO ESTRANHO INTRA-ARTICULAR'),
('0408060336', 'RETIRADA DE CORPO ESTRANHO INTRA-ÓSSEO'),
('0408060344', 'RETIRADA DE ESPAÇADORES / OUTROS MATERIAIS'),
('0408060352', 'RETIRADA DE FIO OU PINO INTRA-ÓSSEO'),
('0408060360', 'RETIRADA DE FIXADOR EXTERNO'),
('0408060379', 'RETIRADA DE PLACA E/OU PARAFUSOS'),
('0408060387', 'RETIRADA DE PRÓTESE DE SUBSTITUIÇÃO DE GRANDES ARTICULAÇÕES (OMBRO / COTOVELO / QUADRIL / JOELHO)'),
('0408060395', 'RETIRADA DE PRÓTESE DE SUBSTITUIÇÃO EM PEQUENAS E MÉDIAS ARTICULAÇÕES'),
('0408060409', 'RETIRADA DE TRAÇÃO TRANS-ESQUELÉTICA'),
('0408060417', 'RETRAÇÃO CICATRICIAL DOS DEDOS COM COMPROMETIMENTO TENDINOSO (POR DEDO)'),
('0408060425', 'REVISÃO CIRÚRGICA DE COTO DE AMPUTAÇÃO DOS DEDOS'),
('0408060433', 'TENODESE'),
('0408060441', 'TENÓLISE'),
('0408060450', 'TENOMIORRAFIA'),
('0408060468', 'TENOMIOTOMIA / DESINSERÇÃO'),
('0408060476', 'TENOPLASTIA OU ENXERTO DE TENDÃO UNICO'),
('0408060484', 'TENORRAFIA ÚNICA EM TÚNEL OSTEO-FIBROSO'),
('0408060492', 'TRANSPLANTE DO HALUX P/ O POLEGAR'),
('0408060506', 'TRANSPLANTE DO SEGUNDO PODODÁCTILO PARA POLEGAR / QUALQUER OUTRO DEDO DA MÃO'),
('0408060514', 'TRANSPLANTE MÚSCULO-CUTÂNEO C/ MICRO-ANASTOMOSE NO TRONCO / EXTREMIDADE'),
('0408060522', 'TRANSPLANTE OSTEO-MÚSCULO-CUTÂNEO C/ MICRO-ANASTOMOSE NO TRONCO OU EXTREMIDADES'),
('0408060530', 'TRANSPOSIÇÃO / TRANSFERÊNCIA MIOTENDINOSA MÚLTIPLA'),
('0408060549', 'TRANSPOSIÇÃO / TRANSFERÊNCIA MIOTENDINOSA ÚNICA'),
('0408060557', 'TRATAMENTO CIRÚRGICO DE ARTRITE INFECCIOSA (GRANDES E MÉDIAS ARTICULAÇÕES)'),
('0408060565', 'TRATAMENTO CIRÚRGICO DE ARTRITE INFECCIOSA DAS PEQUENAS ARTICULAÇÕES'),
('0408060573', 'TRATAMENTO CIRÚRGICO DE DEDO EM MARTELO / EM GARRA (MÃO E PÉ)'),
('0408060581', 'TRATAMENTO CIRÚRGICO DE DEFORMIDADE ARTICULAR POR RETRACAO TENO-CAPSULO-LIGAMENTAR'),
('0408060590', 'TRATAMENTO CIRÚRGICO DE FRATURA VICIOSAMENTE CONSOLIDADA DOS OSSOS LONGOS EXCETO DA MÃO E DO PÉ'),
('0408060603', 'TRATAMENTO CIRÚRGICO DE HERNIA MUSCULAR'),
('0408060611', 'TRATAMENTO CIRÚRGICO DE INFECÇÃO EM ARTROPLASTIA DAS MÉDIAS / PEQUENAS ARTICULAÇÕES'),
('0408060620', 'TRATAMENTO CIRÚRGICO DE INFECÇÃO PÓS-ARTROPLASTIA (GRANDES ARTICULAÇÕES)'),
('0408060638', 'TRATAMENTO CIRÚRGICO DE LUXAÇÃO / FRATURA-LUXAÇÃO METATARSO INTER-FALANGEANA'),
('0408060646', 'TRATAMENTO CIRÚRGICO DE MÃO OU PÉ EM FENDA / DEDO BÍFIDO / MACRODACTILIA / POLIDACTILIA'),
('0408060662', 'TRATAMENTO CIRÚRGICO DE POLIDACTILIA ARTICULADA'),
('0408060670', 'TRATAMENTO CIRÚRGICO DE RETRAÇÃO MUSCULAR'),
('0408060697', 'TRATAMENTO CIRÚRGICO DE SINDACTILIA COMPLEXA (C/ FUSÃO ÓSSEA)'),
('0408060700', 'TRATAMENTO CIRÚRGICO DE SINDACTILIA SIMPLES (DOIS DEDOS)'),
('0410010014', 'DRENAGEM DE ABSCESSO DE MAMA'),
('0410010057', 'MASTECTOMIA RADICAL C/ LINFADENECTOMIA'),
('0410010065', 'MASTECTOMIA SIMPLES'),
('0410010073', 'PLASTICA MAMÁRIA FEMININA NAO ESTETICA'),
('0410010081', 'PLASTICA MAMÁRIA MASCULINA'),
('0410010090', 'PLASTICA MAMÁRIA RECONSTRUTIVA PÓS MASTECTOMIA C/ IMPLANTE DE PRÓTESE'),
('0410010111', 'SETORECTOMIA / QUADRANTECTOMIA'),
('0410010120', 'SETORECTOMIA / QUADRANTECTOMIA C/ ESVAZIAMENTO GANGLIONAR'),
('0410010138', 'RETIRADA DE PRÓTESE MAMÁRIA UNILATERAL EM CASOS DE COMPLICAÇÃO DA PRÓTESE MAMÁRIA IMPLANTADA'),
('0410010146', 'RETIRADA DE PRÓTESE MAMÁRIA BILATERAL EM CASOS DE COMPLICAÇÃO DA PRÓTESE MAMÁRIA IMPLANTADA'),
('0410010154', 'RETIRADA DE PRÓTESE MAMÁRIA UNILATERAL EM CASOS DE COMPLICAÇÃO DE IMPLANTAÇÃO DA PRÓTESE, COM IMPLANTAÇÃO DE NOVA PRÓTESE, NO MESMO ATO CIRÚRGICO'),
('0410010162', 'RETIRADA DE PRÓTESE MAMÁRIA BILATERAL EM CASOS DE COMPLICAÇÃO DE IMPLANTAÇÃO DA PRÓTESE, COM IMPLANTAÇÃO DE NOVA PRÓTESE NO MESMO ATO CIRÚRGICO'),
('0410010197', 'MASTECTOMIA SIMPLES BILATERAL SOB PROCESSO TRANSEXUALIZADOR'),
('0410010200', 'PLÁSTICA MAMÁRIA RECONSTRUTIVA BILATERAL INCLUINDO PRÓTESE MAMÁRIA DE SILICONE BILATERAL NO PROCESSO TRANSEXUALIZADOR'),
('0410010219', 'RECONSTRUÇÃO MAMÁRIA PÓS-MASTECTOMIA TOTAL'),
('0411010018', 'DESCOLAMENTO MANUAL DE PLACENTA'),
('0411010026', 'OPERAÇÃO CESARIANA EM GESTAÇÃO DE ALTO RISCO'),
('0411010034', 'OPERAÇÃO CESARIANA'),
('0411010042', 'OPERAÇÃO CESARIANA COM LAQUEADURA TUBARIA'),
('0411010050', 'REDUCAO MANUAL DE INVERSAO UTERINA AGUDA POS-PARTO'),
('0411010077', 'SUTURA DE LACERACOES DE TRAJETO PELVICO'),
('0411010085', 'TRATAMENTO CIRURGICO DE INVERSAO UTERINA AGUDA POS PARTO'),
('0411020013', 'CURETAGEM POS-ABORTAMENTO / PUERPERAL'),
('0411020021', 'EMBRIOTOMIA'),
('0411020030', 'HISTERECTOMIA PUERPERAL'),
('0411020048', 'TRATAMENTO CIRURGICO DE GRAVIDEZ ECTOPICA'),
('0412010011', 'BRONCOTOMIA E/OU BRONCORRAFIA'),
('0412010020', 'COLOCAÇÃO DE MOLDE BRÔNQUICO POR TORACOTOMIA'),
('0412010038', 'COLOCAÇÃO DE PRÓTESE LARINGO-TRAQUEAL, TRAQUEAL, TRAQUEO-BRÔNQUICA, BRÔNQUICA POR VIA ENDOSCOPICA (INCLUI PRÓTESE)'),
('0412010046', 'COLOCACAO DE PRÓTESE LARINGO TRAQUEAL/ TRAQUEO-BRÔNQUICA (INCLUI PRÓTESE)'),
('0412010070', 'RESSECÇÃO DE TRAQUEIA MEDIASTINAL, CARINAL OU CARINOPLASTIA'),
('0412010089', 'RESSECÇÃO DE TUMOR DE TRAQUEIA COM ANASTOMOSE'),
('0412010097', 'TRAQUEOPLASTIA POR ACESSO TORÁCICO'),
('0412010100', 'TRAQUEOPLASTIA E/OU LARINGOTRAQUEOPLASTIA'),
('0412010119', 'TRAQUEORRAFIA E/OU FECHAMENTO DE FÍSTULA TRAQUEO-CUTÂNEA'),
('0412010135', 'TRATAMENTO CIRURGICO DE FÍSTULA BRONCOPLEURAL COM AMPUTAÇÃO DE COTO BRÔNQUICO'),
('0412010143', 'TRATAMENTO CIRURGICO DE FISTULA TRAQUEOESOFÁGICA ADQUIRIDA'),
('0412020017', 'MEDIASTINOTOMIA EXPLORADORA PARA-ESTERNAL / POR VIA ANTERIOR'),
('0412020025', 'MEDIASTINOTOMIA EXTRAPLEURAL POR VIA POSTERIOR'),
('0412020033', 'MEDIASTINOTOMIA P/ DRENAGEM'),
('0412020050', 'RESSECÇÃO DE TUMOR DO MEDIASTINO'),
('0412020068', 'TIMECTOMIA'),
('0412020076', 'TRAQUEOSTOMIA MEDIASTINAL'),
('0412020084', 'TRATAMENTO DE MEDIASTINITE (QUALQUER VIA)'),
('0412030012', 'DESCORTICAÇÃO PULMONAR'),
('0412030047', 'FECHAMENTO DE PLEUROSTOMIA'),
('0412030080', 'TRATAMENTO DE COÁGULO RETIDO INTRATORÁCICO (QUALQUER VIA)'),
('0412030098', 'PLEUROSTOMIA'),
('0412030101', 'DRENAGEM TUBULAR PLEURAL ABERTA (PLEUROSTOMIA)'),
('0412030110', 'PLEURODESE'),
('0412040018', 'COSTECTOMIA'),
('0412040026', 'ESTERNECTOMIA COM OU SEM PRÓTESE'),
('0412040034', 'ESTERNECTOMIA SUBTOTAL'),
('0412040042', 'LIGADURA DO DUCTO TORÁCICO (QUALQUER MÉTODO)'),
('0412040050', 'MOBILIZACAO DE RETALHOS MUSCULARES / DO OMENTO'),
('0412040069', 'PLUMBAGEM EXTRAFASCIAL'),
('0412040085', 'REDUÇÃO CIRÚRGICA DE FRATURA DE COSTELA'),
('0412040107', 'RESSECÇÃO DE TUMOR DO DIAFRAGMA E RECONSTRUÇÃO (QUALQUER TECNICA)'),
('0412040115', 'RETIRADA DE CORPO ESTRANHO DA PAREDE TORÁCICA'),
('0412040123', 'TORACECTOMIA COM RECONSTRUÇÃO PARIETAL (POR PRÓTESE)'),
('0412040131', 'TORACECTOMIA SEM RECONSTRUÇÃO PARIETAL'),
('0412040158', 'TORACOPLASTIA (QUALQUER TÉCNICA)'),
('0412040166', 'TORACOSTOMIA COM DRENAGEM PLEURAL FECHADA'),
('0412040174', 'TORACOTOMIA EXPLORADORA'),
('0412040182', 'TRATAMENTO CIRÚRGICO DE DEFEITOS CONGÊNITOS DO TÓRAX'),
('0412040190', 'TRATAMENTO CIRURGICO DE FRATURA, NECROSE OU INFECÇÃO DO ESTERNO'),
('0412040204', 'TRATAMENTO CIRURGICO DE FRATURAS DO GRADIL COSTAL'),
('0412040212', 'TRATAMENTO CIRURGICO DE PAREDE TORACICA'),
('0412040220', 'VAGOTOMIA TRONCULAR TERAPÊUTICA POR TORACOTOMIA'),
('0412050013', 'BULECTOMIA UNI OU BILATERAL'),
('0412050030', 'LIGADURA DE ARTÉRIAS BRÔNQUICAS POR TORACOTOMIA PARA CONTROLE DE HEMOPTISE'),
('0412050048', 'LOBECTOMIA PULMONAR'),
('0412050064', 'PNEUMOMECTOMIA'),
('0412050072', 'PNEUMONECTOMIA DE TOTALIZACAO'),
('0412050080', 'PNEUMORRAFIA'),
('0412050102', 'RESSECÇÃO EM CUNHA, TUMORECTOMIA / BIOPSIA DE PULMAO A CEU ABERTO'),
('0412050110', 'RESSECÇÃO PULMONAR ASSOCIADA A BRONCOPLASTIA/ ARTERIOPLASTIA'),
('0412050137', 'CIRURGIA REDUTORA DO VOLUME PULMONAR (QUALQUER MÉTODO)'),
('0412050145', 'METASTASECTOMIA PULMONAR UNI OU BILATERAL (QUALQUER MÉTODO)'),
('0412050153', 'TROMBOENDARTERECTOMIA PULMONAR'),
('0412050161', 'PNEUMOTOMIA COM RESSECÇÃO COSTAL PARA DRENAGEM CAVITÁRIA/RETIRADA DE CORPO ESTRANHO'),
('0413010015', 'ATENDIMENTO DE URGENCIA EM MEDIO E GRANDE QUEIMADO'),
('0413010066', 'TRATAMENTO DE GRANDE QUEIMADO'),
('0413010082', 'TRATAMENTO DE MEDIO QUEIMADO'),
('0413010090', 'TRATAMENTO DE PEQUENO QUEIMADO'),
('0413030016', 'LIPOASPIRAÇÃO DE GIBA OU REGIÃO SUBMANDIBULAR EM PACIENTES COM LIPODISTROFIA DECORRENTE DO USO DE ANTI-RETROVIRAL'),
('0413030024', 'LIPOASPIRAÇÃO DE PAREDE ABDOMINAL OU DORSO EM PACIENTES COM LIPODISTROFIA DECORRENTE DO USO DE ANTI-RETROVIRAL'),
('0413030032', 'LIPOENXERTIA DE GLÚTEO EM PACIENTE COM LIPODISTROFIA GLÚTEA DECORRENTE DO USO DE ANTI-RETROVIRAL'),
('0413030059', 'PREENCHIMENTO FACIAL COM TECIDO GORDUROSO EM PACIENTE COM LIPOATROFIA DE FACE DECORRENTE DO USO DE ANTI-RETROVIRAIS'),
('0413030067', 'RECONSTRUÇÃO GLÚTEA E/OU PERIANAL EM PACIENTE COM LIPODISTROFIA GLÚTEA DECORRENTE DO USO DE ANTI-RETROVIRAL, COM LIPOENXERTIA OU PMMA'),
('0413030075', 'REDUÇÃO MAMÁRIA EM PACIENTE COM LIPODISTROFIA DECORRENTE DO USO DE ANTI-RETROVIRAIS'),
('0413030083', 'TRATAMENTO DE GINECOMASTIA OU PSEUDOGINECOMASTIA EM PACIENTE COM LIPODISTROFIA DECORRENTE DO USO DE ANTI-RETROVIRAIS'),
('0413040020', 'CORREÇÃO DE RETRAÇÃO CICATRICIAL VÁRIOS ESTÁGIOS'),
('0413040038', 'DERMOLIPECTOMIA (1 OU 2 MEMBROS INFERIORES)'),
('0413040046', 'DERMOLIPECTOMIA ABDOMINAL NAO ESTETICA (PLÁSTICA ABDOMINAL)'),
('0413040054', 'DERMOLIPECTOMIA ABDOMINAL POS-CIRURGIA BARIATRICA'),
('0413040062', 'DERMOLIPECTOMIA BRAQUIAL POS-CIRURGIA BARIÁTRICA'),
('0413040070', 'DERMOLIPECTOMIA CRURAL POS-CIRURGIA BARIÁTRICA'),
('0413040089', 'MAMOPLASTIA PÓS-CIRURGIA BARIÁTRICA'),
('0413040097', 'PREPARO DE RETALHO'),
('0413040100', 'PREPARO DE TUBO PEDICULADO'),
('0413040119', 'RECONSTRUCAO DE LÓBULO DA ORELHA'),
('0413040127', 'RECONSTRUCAO DE POLO SUPERIOR DA ORELHA'),
('0413040135', 'RECONSTRUCAO DO HELIX DA ORELHA'),
('0413040143', 'RECONSTRUCAO TOTAL DE ORELHA (MULTIPLOS ESTAGIOS)'),
('0413040151', 'TRANSFERÊNCIA INTERMEDIÁRIA DE RETALHO'),
('0413040160', 'TRATAMENTO CIRURGICO DE ELEFANTIASE AO NÍVEL DO PÈ'),
('0413040178', 'TRATAMENTO CIRURGICO DE LESOES EXTENSAS C/ PERDA DE SUBSTANCIA CUTANEA'),
('0413040186', 'TRATAMENTO CIRURGICO DE RETRACAO CICATRICIAL DA AXILA'),
('0413040194', 'TRATAMENTO CIRURGICO DE RETRACAO CICATRICIAL DO COTOVELO'),
('0413040208', 'TRATAMENTO CIRURGICO DE RETRACAO CICATRICIAL DOS DEDOS DA MAO/PE S/ COMPROMETIMENTO TENDINOSO'),
('0413040216', 'TRATAMENTO CIRÚRGICO DE RETRAÇÃO CICATRICIAL EM UM ESTÁGIO'),
('0413040224', 'TRATAMENTO CIRURGICO DE RETRACAO CICATRICIAL NA REGIÃO POPLITEA'),
('0413040232', 'TRATAMENTO CIRURGICO NAO ESTÉTICO DA ORELHA'),
('0413040240', 'TRATAMENTO CIRURGICO P/ REPARACOES DE PERDA DE SUBSTANCIA DA MAO'),
('0413040259', 'DERMOLIPECTOMIA ABDOMINAL CIRCUNFERENCIAL PÓS CIRURGIA BARIATRICA'),
('0413040267', 'RECONSTRUÇÃO POR MICROCIRURGIA QUALQUER PARTE'),
('0414010027', 'MOLDAGEM / IMPLANTE EM MUCOSA (POR TRATAMENTO COMPLETO)'),
('0414010035', 'MOLDAGEM / IMPLANTE EM PELE / MUCOSA (POR TRATAMENTO COMPLETO)'),
('0414010256', 'TRATAMENTO CIRÚRGICO DE FÍSTULA ORO-SINUSAL / ORO-NASAL'),
('0414010272', 'TRATAMENTO CIRÚRGICO DE FÍSTULA CUTÂNEA DE ORIGEM DENTÁRIA'),
('0414010329', 'TRATAMENTO CIRÚRGICO DE CISTO DO COMPLEXO MAXILO-MANDIBULAR'),
('0414010345', 'EXCISÃO DE CÁLCULO DE GLÂNDULA SALIVAR'),
('0414020413', 'TRATAMENTO ODONTOLÓGICO PARA PACIENTES COM NECESSIDADES ESPECIAIS'),
('0414010027', 'MOLDAGEM / IMPLANTE EM MUCOSA (POR TRATAMENTO COMPLETO)'),
('0414010035', 'MOLDAGEM / IMPLANTE EM PELE / MUCOSA (POR TRATAMENTO COMPLETO)'),
('0414010256', 'TRATAMENTO CIRÚRGICO DE FÍSTULA ORO-SINUSAL / ORO-NASAL'),
('0414010272', 'TRATAMENTO CIRÚRGICO DE FÍSTULA CUTÂNEA DE ORIGEM DENTÁRIA'),
('0414010329', 'TRATAMENTO CIRÚRGICO DE CISTO DO COMPLEXO MAXILO-MANDIBULAR'),
('0414010345', 'EXCISÃO DE CÁLCULO DE GLÂNDULA SALIVAR'),
('0414020413', 'TRATAMENTO ODONTOLÓGICO PARA PACIENTES COM NECESSIDADES ESPECIAIS'),
('0415010012', 'TRATAMENTO C/ CIRURGIAS MULTIPLAS'),
('0415020018', 'PROCEDIMENTOS SEQUENCIAIS DE CIRURGIA PLÁSTICA REPARADORA PÓS -CIRURGIA BARIATRICA'),
('0415020034', 'OUTROS PROCEDIMENTOS COM CIRURGIAS SEQUENCIAIS'),
('0415020042', 'PROCEDIMENTOS SEQUENCIAIS EM ANOMALIA CRÂNIO E BUCOMAXILOFACIAL'),
('0415020050', 'PROCEDIMENTOS SEQUENCIAIS EM ONCOLOGIA'),
('0415020069', 'PROCEDIMENTOS SEQUENCIAIS EM ORTOPEDIA'),
('0415020077', 'PROCEDIMENTOS SEQUENCIAIS EM NEUROCIRURGIA'),
('0415020085', 'PROCEDIMENTOS SEQUENCIAIS EM REDESIGNAÇÃO SEXUAL'),
('0415030013', 'TRATAMENTO CIRURGICO EM POLITRAUMATIZADO'),
('0415040027', 'DEBRIDAMENTO DE FASCEITE NECROTIZANTE'),
('0415040035', 'DEBRIDAMENTO DE ULCERA / DE TECIDOS DESVITALIZADOS'),
('0416010016', 'AMPUTAÇÃO DE PÊNIS EM ONCOLOGIA'),
('0416010024', 'CISTECTOMIA COM DERIVACAO EM 1SÓ TEMPO EM ONCOLOGIA'),
('0416010040', 'CISTOENTEROPLASTIA EM ONCOLOGIA'),
('0416010075', 'NEFRECTOMIA TOTAL EM ONCOLOGIA'),
('0416010091', 'NEFROURETERECTOMIA TOTAL EM ONCOLOGIA'),
('0416010113', 'ORQUIECTOMIA UNILATERAL EM ONCOLOGIA'),
('0416010121', 'PROSTATECTOMIA EM ONCOLOGIA'),
('0416010130', 'PROSTATOVESICULECTOMIA RADICAL EM ONCOLOGIA'),
('0416010164', 'RESSECCAO DE TUMORES MÁLTIPLOS E SIMULTANEOS DO TRATO URINARIO EM ONCOLOGIA'),
('0416010172', 'RESSECÇÃO ENDOSCÓPICA DE TUMOR VESICAL EM ONCOLOGIA'),
('0416010180', 'REIMPLANTE URETERAL EM ONCOLOGIA - URETEROCISTONEOSTOMIA'),
('0416010199', 'REIMPLANTE URETERAL EM ONCOLOGIA - URETEROENTEROSTOMIA'),
('0416010202', 'SUPRARRENALECTOMIA EM ONCOLOGIA'),
('0416010210', 'NEFRECTOMIA PARCIAL EM ONCOLOGIA'),
('0416010229', 'AMPUTAÇÃO TOTAL AMPLIADA DE PENIS EM ONCOLOGIA'),
('0416020020', 'LINFADENECTOMIA PELVICA EM ONCOLOGIA'),
('0416020151', 'LINFADENECTOMIA RADICAL CERVICAL UNILATERAL EM ONCOLOGIA'),
('0416020160', 'LINFADENECTOMIA RADICAL MODIFICADA CERVICAL UNILATERAL EM ONCOLOGIA'),
('0416020178', 'LINFADENECTOMIA CERVICAL SUPRAOMO-HIOIDEA UNILATERAL EM ONCOLOGIA'),
('0416020186', 'LINFADENECTOMIA CERVICAL RECORRENCIAL UNILATERAL EM ONCOLOGIA'),
('0416020194', 'MEDIASTINOSCOPIA/LINFADENECTOMIA MEDIASTINAL EM ONCOLOGIA'),
('0416020208', 'LINFADENECTOMIA SUPRACLAVICULAR UNILATERAL EM ONCOLOGIA'),
('0416020216', 'LINFADENECTOMIA AXILAR UNILATERAL EM ONCOLOGIA'),
('0416020224', 'LINFADENECTOMIA RETROPERITONIAL EM ONCOLOGIA'),
('0416020232', 'LINFADENECTOMIA INGUINAL UNILATERAL EM ONCOLOGIA'),
('0416020240', 'LINFADENECTOMIA SELETIVA GUIADA (LINFONODO SENTINELA) EM ONCOLOGIA'),
('0416020259', 'LINFADENECTOMIA INGUINO-ILIACA UNILATERAL EM ONCOLOGIA'),
('0416030025', 'RESSECÇÃO DE GLÂNDULA SALIVAR MENOR EM ONCOLOGIA'),
('0416030033', 'RESSECÇÃO DE GLANDULA SUBLINGUAL EM ONCOLOGIA'),
('0416030041', 'RESSECÇÃO DE GLÂNDULA SUBMANDIBULAR EM ONCOLOGIA'),
('0416030068', 'GLOSSECTOMIA PARCIAL EM ONCOLOGIA'),
('0416030076', 'GLOSSECTOMIA TOTAL EM ONCOLOGIA'),
('0416030084', 'PARATIREOIDECTOMIA TOTAL EM ONCOLOGIA'),
('0416030092', 'PAROTIDECTOMIA EM ONCOLOGIA'),
('0416030149', 'RESSECÇÃO EM CUNHA DE LÁBIO E SUTURA EM ONCOLOGIA'),
('0416030157', 'RESSECÇÃO PARCIAL DE LÁBIO COM ENXERTO OU RETALHO EM ONCOLOGIA'),
('0416030165', 'RESSECÇÃO TOTAL DE LÁBIO E RECONSTRUÇÃO COM RETALHO MIOCUTÂNEO EM ONCOLOGIA'),
('0416030173', 'MAXILECTOMIA PARCIAL EM ONCOLOGIA'),
('0416030181', 'MAXILECTOMIA TOTAL EM ONCOLOGIA'),
('0416030190', 'PELVIGLOSSOMANDIBULECTOMIA EM ONCOLOGIA'),
('0416030203', 'PAROTIDECTOMIA TOTAL AMPLIADA EM ONCOLOGIA'),
('0416030211', 'FARINGECTOMIA PARCIAL EM ONCOLOGIA'),
('0416030220', 'FARINGECTOMIA TOTAL EM ONCOLOGIA'),
('0416030238', 'RESSECÇÃO DE TUMOR DE RINOFARINGE EM ONCOLOGIA'),
('0416030246', 'EXENTERAÇÃO DE ÓRBITA EM ONCOLOGIA'),
('0416030254', 'LARINGECTOMIA PARCIAL EM ONCOLOGIA'),
('0416030262', 'LARINGECTOMIA TOTAL EM ONCOLOGIA'),
('0416030270', 'TIREOIDECTOMIA TOTAL EM ONCOLOGIA'),
('0416030289', 'RECONSTRUÇÃO PARA FONAÇÂO EM ONCOLOGIA'),
('0416030297', 'TRAQUEOSTOMIA TRANSTUMORAL EM ONCOLOGIA'),
('0416030300', 'MANDIBULECTOMIA PARCIAL EM ONCOLOGIA'),
('0416030319', 'MANDIBULECTOMIA TOTAL EM ONCOLOGIA'),
('0416030327', 'RESSECÇÃO DE PAVILHÃO AURICULAR EM ONCOLOGIA'),
('0416030335', 'LIGADURA DE CARÓTIDA EM ONCOLOGIA'),
('0416030343', 'RESSECCAO DE TUMOR GLOMICO EM ONCOLOGIA'),
('0416030351', 'RESSECÇÃO DE LESÃO MALIGNA DE MUCOSA BUCAL EM ONCOLOGIA'),
('0416030360', 'RESSECÇÃO DE TUMOR TIREOIDIANO POR VIA TRANSESTERNAL EM ONCOLOGIA'),
('0416040012', 'ANASTOMOSE BILEO-DIGESTIVA EM ONCOLOGIA'),
('0416040020', 'COLEDOCOSTOMIA COM OU SEM COLECISTECTOMIA EM ONCOLOGIA'),
('0416040039', 'ESOFAGOGASTRECTOMIA COM TORACOTOMIA EM ONCOLOGIA'),
('0416040047', 'ESOFAGOCOLOPLASTIA OU ESOFAGOGASTROPLASTIA EM ONCOLOGIA'),
('0416040055', 'ESOFAGOGASTRECTOMIA TRANS -HIATAL EM ONCOLOGIA'),
('0416040071', 'GASTRECTOMIA TOTAL EM ONCOLOGIA'),
('0416040101', 'HEPATECTOMIA PARCIAL EM ONCOLOGIA'),
('0416040110', 'PANCREATECTOMIA PARCIAL EM ONCOLOGIA'),
('0416040128', 'DUODENOPANCREATECTOMIA EM ONCOLOGIA'),
('0416040144', 'RESSECÇÃO DE TUMOR RETROPERITONIAL COM RESSECÇÃO DE ÓRGÃOS CONTÍGUOS EM ONCOLOGIA'),
('0416040179', 'ALCOOLIZAÇÃO PERCUTÂNEA DE CARCINOMA HEPÁTICO'),
('0416040187', 'TRATAMENTO DE CARCINOMA HEPÁTICO POR RADIOFREQUÊNCIA'),
('0416040195', 'QUIMIOEMBOLIZAÇÃO DE CARCINOMA HEPÁTICO'),
('0416040209', 'LAPAROTOMIA EXPLORADORA COM RESSECÇÃO COMPLETA OU INCOMPLETA DO TUMOR EM ONCOLOGIA'),
('0416040217', 'GASTRECTOMIA PARCIAL EM ONCOLOGIA'),
('0416040225', 'METASTASECTOMIA HEPÁTICA EM ONCOLOGIA'),
('0416040233', 'COLECISTECTOMIA EM ONCOLOGIA'),
('0416040241', 'RESSECÇÃO AMPLIADA DE VIA BILIAR EXTRA-HEPÁTICA EM ONCOLOGIA'),
('0416040250', 'RESSECÇÃO DE TUMOR RETROPERITONIAL EM ONCOLOGIA'),
('0416040268', 'RESSECÇÃO ALARGADA DE TUMOR DE PARTES MOLES DE PAREDE ABDOMINAL EM ONCOLOGIA'),
('0416040276', 'RESSECÇÃO ALARGADA DE TUMOR DE INTESTINO EM ONCOLOGIA'),
('0416040284', 'IMPLANTAÇÃO ENDOSCÓPICA DE STENT ESOFÁGICO'),
('0416040292', 'PERITONECTOMIA EM ONCOLOGIA'),
('0416040314', 'GASTRECTOMIA VIDEOLAPAROSCÓPICA EM ONCOLOGIA'),
('0416040322', 'ESOFAGOGASTRECTOMIA VIDEOLAPAROSCÓPICA EM ONCOLOGIA'),
('0416040330', 'LAPARATOMIA EXPLORADORA VIDEOLAPAROSCÓPICA EM ONCOLOGIA'),
('0416040349', 'PANCREATECTOMIA PARCIAL VIDEOLAPAROSCÓPICA EM ONCOLOGIA'),
('0416050018', 'AMPUTAÇÃO ABDOMINO-PERINEAL DE RETO EM ONCOLOGIA'),
('0416050026', 'COLECTOMIA PARCIAL (HEMICOLECTOMIA) EM ONCOLOGIA'),
('0416050034', 'COLECTOMIA TOTAL EM ONCOLOGIA'),
('0416050050', 'EXCISÃO LOCAL DE TUMOR DO RETO EM ONCOLOGIA'),
('0416050077', 'RETOSSIGMOIDECTOMIA ABDOMINAL EM ONCOLOGIA'),
('0416050093', 'EXENTERAÇÃO PÉLVICA POSTERIOR EM ONCOLOGIA'),
('0416050107', 'EXENTERAÇÃO PÉLVICA TOTAL EM ONCOLOGIA'),
('0416050115', 'PROCTOCOLECTOMIA TOTAL EM ONCOLOGIA'),
('0416050123', 'COLECTOMIA VIDEOLAPAROSCÓPICA EM ONCOLOGIA'),
('0416060013', 'AMPUTACAO CONICA DO COLO DO UTERO EM ONCOLOGIA'),
('0416060021', 'ANEXECTOMIA UNI / BILATERAL EM ONCOLOGIA'),
('0416060030', 'COLPECTOMIA EM ONCOLOGIA'),
('0416060056', 'HISTERECTOMIA COM RESSECÇÃO DE ÓRGÃOS CONTÍGUOS EM ONCOLOGIA'),
('0416060064', 'HISTERECTOMIA TOTAL AMPLIADA EM ONCOLOGIA'),
('0416060080', 'TRAQUELECTOMIA RADICAL EM ONCOLOGIA'),
('0416060099', 'VULVECTOMIA TOTAL AMPLIADA C/ LINFADENECTOMIA EM ONCOLOGIA'),
('0416060102', 'VULVECTOMIA PARCIAL EM ONCOLOGIA'),
('0416060110', 'HISTERECTOMIA COM OU SEM ANEXECTOMIA (UNI / BILATERAL) EM ONCOLOGIA'),
('0416060129', 'LAPAROTOMIA PARA AVALIAÇÃO DE TUMOR DE OVÁRIO EM ONCOLOGIA'),
('0416060137', 'HISTERECTOMIA VIDEOLAPAROSCÓPICA CO OU SEM ANEXECTOMIA (UNI/BILATERAL) EM ONCOLOGIA'),
('0416080014', 'EXCISÂO E ENXERTO DE PELE EM ONCOLOGIA'),
('0416080030', 'EXCISÃO E SUTURA DE LESÃO NA PELE COM PLASTICA EM Z OU ROTAÇÃO DE RETALHO EM ONCOLOGIA'),
('0416080081', 'RECONSTRUÇÃO COM RETALHO MIOCUTÂNEO (QUALQUER PARTE) EM ONCOLOGIA'),
('0416080090', 'RECONSTRUÇÃO POR MICROCIRURGIA (QUALQUER PARTE) EM ONCOLOGIA'),
('0416080111', 'RECONSTRUÇÃO COM RETALHO OSTEOMIOCUTÂNEO EM ONCOLOGIA'),
('0416080120', 'EXTIRPAÇÃO MÚLTIPLA DE LESÃO DA PELE OU TECIDO CELULAR SUBCUTÂNEO EM ONCOLOGIA'),
('0416090010', 'AMPUTAÇÃO / DESARTICULAÇÃO DE MEMBROS INFERIORES EM ONCOLOGIA'),
('0416090028', 'AMPUTAÇÃO / DESARTICULAÇÃO DE MEMBROS SUPERIORES EM ONCOLOGIA'),
('0416090036', 'HEMIPELVECTOMIA EM ONCOLOGIA'),
('0416090079', 'SACRALECTOMIA (ENDOPELVECTOMIA) EM ONCOLOGIA'),
('0416090109', 'RESSECÇÃO DE TUMOR ÓSSEO COM SUBSTITUIÇÃO (ENDOPRÓTESE) OU COM RECONSTRUÇÃO E FIXAÇÃO EM ONCOLOGIA'),
('0416090117', 'DESARTICULAÇÃO INTERESCAPULO-TORÁCICA EM ONCOLOGIA'),
('0416090125', 'DESARTICULAÇÃO ESCAPULO-TORÁCICA INTERNA EM ONCOLOGIA'),
('0416090133', 'RESSECÇÃO DE TUMOR DE PARTES MOLES EM ONCOLOGIA'),
('0416110010', 'LOBECTOMIA PULMONAR EM ONCOLOGIA'),
('0416110029', 'PNEUMOMECTOMIA RADICAL EM ONCOLOGIA'),
('0416110037', 'TORATECTOMIA EM ONCOLOGIA'),
('0416110045', 'TORACECTOMIA SIMPLES EM ONCOLOGIA'),
('0416110053', 'TORACOTOMIA/MEDIASTINOSTOMIA EXPLORADORA COM RESSECÇÃO COMPLETA OU INCOMPLETA DO TUMOR INTRATORÁCICO EM ONCOLOGIA'),
('0416110061', 'SEGMENTECTOMIA PULMONAR EM ONCOLOGIA'),
('0416110070', 'RESSECÇAO PULMONAR EM CUNHA EM ONCOLOGIA'),
('0416110088', 'TIMECTOMIA EM ONCOLOGIA'),
('0416120024', 'MASTECTOMIA RADICAL COM LINFADENECTOMIA AXILAR EM ONCOLOGIA'),
('0416120032', 'MASTECTOMIA SIMPLES EM ONCOLOGIA'),
('0416120040', 'RESSECÇÃO DE LESÃO NÃO PALPÁVEL DE MAMA COM MARCAÇÃO EM ONCOLOGIA (POR MAMA)'),
('0416120059', 'SEGMENTECTOMIA/QUADRANTECTOMIA/SETORECTOMIA DE MAMA EM ONCOLOGIA'),
('0301060010', 'DIAGNOSTICO E/OU ATENDIMENTO DE URGENCIA EM CLINICA PEDIATRICA'),
('0301060070', 'DIAGNOSTICO E/OU ATENDIMENTO DE URGENCIA EM CLINICA CIRURGICA'),
('0301060088', 'DIAGNOSTICO E/OU ATENDIMENTO DE URGENCIA EM CLINICA MEDICA'),
('0301090017', 'ATENDIMENTO EM GERIATRIA (1 TURNO)'),
('0301090025', 'ATENDIMENTO EM GERIATRIA (2 TURNOS)'),
('0301160023', 'REABILITAÇÃO EM FALÊNCIA INTESTINAL EM NÍVEL HOSPITALAR'),
('0303010010', 'TRATAMENTO DE DENGUE CLÁSSICA'),
('0303010029', 'TRATAMENTO DE DENGUE HEMORRÁGICA'),
('0303010037', 'TRATAMENTO DE OUTRAS DOENÇAS BACTERIANAS'),
('0303010045', 'TRATAMENTO DE DOENÇAS BACTERIANAS ZOONÓTICAS'),
('0303010053', 'TRATAMENTO DE OUTRAS DOENÇAS DEVIDAS A PROTOZOÁRIOS (B55 A B64)'),
('0303010061', 'TRATAMENTO DE DOENÇAS INFECCIOSAS INTESTINAIS'),
('0303010070', 'TRATAMENTO DE FEBRES POR ARBOVÍRUS E FEBRES HEMORRÁGICAS VIRAIS'),
('0303010088', 'TRATAMENTO DE HANSENÍASE'),
('0303010096', 'TRATAMENTO DE HANTAVIROSE'),
('0303010100', 'TRATAMENTO DE HELMINTÍASES (B65 A B83)'),
('0303010118', 'TRATAMENTO DE HEPATITES VIRAIS'),
('0303010126', 'TRATAMENTO DE INFECÇÕES DE TRANSMISSÃO PREDOMINANTEMENTE SEXUAL (A50 A A64)'),
('0303010134', 'TRATAMENTO DE INFECÇÕES VIRAIS CARACTERIZADAS POR LESÕES DE PELE E MUCOSAS (B00 A B09)'),
('0303010142', 'TRATAMENTO DE INFECÇÕES VIRAIS DO SISTEMA NERVOSO CENTRAL'),
('0303010150', 'TRATAMENTO DE MALÁRIA'),
('0303010169', 'TRATAMENTO DE MICOSES (B35 A B49)'),
('0303010177', 'TRATAMENTO DE OUTRAS DOENÇAS CAUSADAS POR CLAMÍDIAS(A70 A A74)'),
('0303010185', 'TRATAMENTO DE OUTRAS DOENÇAS CAUSADAS POR ESPIROQUETAS (A65 A A69)'),
('0303010193', 'TRATAMENTO DE OUTRAS DOENÇAS CAUSADAS POR VÍRUS (B25 A B34)'),
('0303010207', 'TRATAMENTO DE POLIOMIELITE PARALÍTICA AGUDA'),
('0303010215', 'TRATAMENTO DE TUBERCULOSE (A15 A A19)'),
('0303020032', 'TRATAMENTO DE ANEMIA APLASTICA E OUTRAS ANEMIAS'),
('0303020040', 'TRATAMENTO DE ANEMIA HEMOLITICA'),
('0303020059', 'TRATAMENTO DE ANEMIAS NUTRICIONAIS'),
('0303020067', 'TRATAMENTO DE DEFEITOS DA COAGULACAO PURPURA E OUTRAS AFECCOES HEMORRAGICAS'),
('0303020075', 'TRATAMENTO DE HEMOFILIAS'),
('0303020083', 'TRATAMENTO DE OUTRAS DOENÇAS DO SANGUE E DOS ÓRGÃOS HEMATOPOIÉTICOS'),
('0303030020', 'TRATAMENTO DE DESNUTRICAO'),
('0303030038', 'TRATAMENTO DE DIABETES MELLITUS'),
('0303030046', 'TRATAMENTO DE DISTURBIOS METABOLICOS'),
('0303030054', 'TRATAMENTO DE TRANSTORNOS DA GLÂNDULA TIREOIDE'),
('0303030062', 'TRATAMENTO DE TRANSTORNOS DE OUTRAS GLÂNDULAS ENDÓCRINAS'),
('0303040017', 'AJUSTE MEDICAMENTOSO DE SITUAÇÕES NEUROLÓGICAS AGUDIZADAS'),
('0303040025', 'INTERNAÇÃO P/ O TRATAMENTO MEDICAMENTOSO DA OSTEOGENESIS IMPERFECTA'),
('0303040033', 'TRATAMENTO DA MIGRANEA COMPLICADA'),
('0303040041', 'TRATAMENTO CLÍNICO DE ABSCESSO CEREBRAL'),
('0303040050', 'TRATAMENTO CLINICO DE COREIA AGUDA'),
('0303040068', 'TRATAMENTO CONSERVADOR DA DOR REBELDE DE ORIGEM CENTRAL OU NEOPLÁSICA'),
('0303040076', 'TRATAMENTO CONSERVADOR DA HEMORRAGIA CEREBRAL'),
('0303040084', 'TRATAMENTO CONSERVADOR DE TRAUMATISMO CRANIOENCEFÁLICO (GRAU LEVE)'),
('0303040092', 'TRATAMENTO CONSERVADOR DE TRAUMATISMO CRANIOENCEFÁLICO (GRAU MÉDIO)'),
('0303040106', 'TRATAMENTO CONSERVADOR DE TRAUMATISMO CRANIOENCEFALICO GRAVE'),
('0303040114', 'TRATAMENTO CONSERVADOR DE TRAUMATISMO RAQUIMEDULAR'),
('0303040122', 'TRATAMENTO CONSERVADOR DE TUMOR DO SISTEMA NERVOSO CENTRAL'),
('0303040130', 'TRATAMENTO CLÍNICO DAS MIELITES / MIELOPATIAS'),
('0303040149', 'TRATAMENTO DE ACIDENTE VASCULAR CEREBRAL - AVC (ISQUEMICO OU HEMORRAGICO AGUDO)'),
('0303040157', 'TRATAMENTO DE COMPLICAÇÕES DA HIDROCEFALIA'),
('0303040165', 'TRATAMENTO DE CRISES EPILÉTICAS NÃO CONTROLADAS'),
('0303040173', 'TRATAMENTO DE DISTROFIAS MUSCULARES'),
('0303040181', 'TRATAMENTO DE DOENCA DE PARKINSON'),
('0303040190', 'TRATAMENTO DE DOENÇA DOS NEURÔNIOS MOTORES CENTRAIS C/ OU S/ AMIOTROFIAS'),
('0303040203', 'TRATAMENTO DE DOENÇAS NEURODEGENERATIVAS'),
('0303040211', 'TRATAMENTO DE ENCEFALOPATIA HIPERTENSIVA'),
('0303040220', 'TRATAMENTO DE ESCLEROSE GENERALIZADA PROGRESSIVA'),
('0303040238', 'TRATAMENTO DE FRATURA DA COLUNA VERTEBRAL C/ LESÃO DA MEDULA ESPINHAL'),
('0303040246', 'TRATAMENTO DE INTERCORRENCIAS DE DOENCAS NEUROMUSCULARES'),
('0303040254', 'TRATAMENTO DE MIASTENIA GRAVE'),
('0303040262', 'TRATAMENTO DE POLINEUROPATIAS'),
('0303040270', 'TRATAMENTO DE POLIRRADICULONEURITE DESMIELINIZANTE AGUDA'),
('0303040289', 'TRATAMENTO DE SURTO DE ESCLEROSE MULTIPLA'),
('0303040297', 'TRATAMENTO DE PROCESSO TOXI-INFECCIOSO DO CEREBRO OU DA MEDULA ESPINHAL'),
('0303040300', 'TRATAMENTO DO ACIDENTE VASCULAR CEREBRAL ISQUÊMICO AGUDO COM USO DE TROMBOLÍTICO'),
('0303050136', 'TRATAMENTO CLÍNICO DE INTERCORRÊNCIAS OFTALMOLÓGICAS'),
('0303050144', 'TRATAMENTO CLÍNICO DE INTERCORRÊNCIAS OFTALMOLÓGICAS DE ORIGEM INFECCIOSA'),
('0303060018', 'TRATAMENTO DE ANEURISMA DA AORTA'),
('0303060026', 'TRATAMENTO DE ARRITMIAS'),
('0303060034', 'TRATAMENTO DE CARDIOPATIA HIPERTROFICA'),
('0303060042', 'TRATAMENTO DE CARDIOPATIA ISQUEMICA CRONICA'),
('0303060050', 'TRATAMENTO DE CHOQUE ANAFILATICO'),
('0303060069', 'TRATAMENTO DE CHOQUE CARDIOGENICO'),
('0303060077', 'TRATAMENTO DE CHOQUE HIPOVOLEMICO'),
('0303060085', 'TRATAMENTO DE COMPLICAÇÕES CARDÍACAS PÓS-CIRURGIA'),
('0303060093', 'TRATAMENTO DE COMPLICACOES DE DISPOSITIVOS PROTETICOS IMPLANTES E ENXERTOS CARDIACOS E VALVULARES'),
('0303060107', 'TRATAMENTO DE CRISE HIPERTENSIVA'),
('0303060115', 'TRATAMENTO DE DOENCA REUMATICA C/ COMPROMETIMENTO CARDIACO'),
('0303060123', 'TRATAMENTO DE DOENCA REUMATICA S/ CARDITE'),
('0303060131', 'TRATAMENTO DE EDEMA AGUDO DE PULMÃO'),
('0303060140', 'TRATAMENTO DE EMBOLIA PULMONAR'),
('0303060158', 'TRATAMENTO DE ENDOCARDITE INFECCIOSA EM PROTESE VALVAR'),
('0303060166', 'TRATAMENTO DE ENDOCARDITE INFECCIOSA EM VALVULA NATIVA'),
('0303060174', 'TRATAMENTO DE HIPERTENSÃO PULMONAR'),
('0303060182', 'TRATAMENTO DE HIPERTENSAO SECUNDARIA'),
('0303060190', 'TRATAMENTO DE INFARTO AGUDO DO MIOCÁRDIO'),
('0303060204', 'TRATAMENTO DE INSUFICIENCIA ARTERIAL C/ ISQUEMIA CRITICA'),
('0303060212', 'TRATAMENTO DE INSUFICIENCIA CARDIACA'),
('0303060220', 'TRATAMENTO DE LINFADENITES INESPECIFICAS'),
('0303060239', 'TRATAMENTO DE MIOCARDIOPATIAS'),
('0303060247', 'TRATAMENTO DE OUTRAS VASCULOPATIAS'),
('0303060255', 'TRATAMENTO DE PARADA CARDIACA C/ RESSUSCITACAO'),
('0303060263', 'TRATAMENTO DE PÉ DIABÉTICO COMPLICADO'),
('0303060271', 'TRATAMENTO DE PERICARDITE'),
('0303060280', 'TRATAMENTO DE SINDROME CORONARIANA AGUDA'),
('0303060298', 'TRATAMENTO DE TROMBOSE VENOSA PROFUNDA'),
('0303060301', 'TRATAMENTO DE VARIZES DOS MEMBROS INFERIORES C/ ULCERA'),
('0303070064', 'TRATAMENTO DE DOENCAS DO ESOFAGO ESTOMAGO E DUODENO'),
('0303070072', 'TRATAMENTO DE DOENCAS DO FIGADO'),
('0303070080', 'TRATAMENTO DE DOENCAS DO PERITONIO'),
('0303070099', 'TRATAMENTO DE ENTERITES E COLITES NAO INFECCIOSAS'),
('0303070102', 'TRATAMENTO DE OUTRAS DOENCAS DO APARELHO DIGESTIVO'),
('0303070110', 'TRATAMENTO DE OUTRAS DOENCAS DO INTESTINO'),
('0303070129', 'TRATAMENTO DE TRANSTORNOS DAS VIAS BILIARES E PANCREAS'),
('0303070137', 'TRATAMENTO DE INTERCORRÊNCIA CLINICA PÓS-CIRURGIA BARIÁTRICA'),
('0303080043', 'TRATAMENTO DE AFECÇÕES BOLHOSAS'),
('0303080051', 'TRATAMENTO DE DERMATITES E ECZEMAS'),
('0303080060', 'TRATAMENTO DE ESTAFILOCOCCIAS'),
('0303080078', 'TRATAMENTO DE ESTREPTOCOCCIAS'),
('0303080086', 'TRATAMENTO DE FARMACODERMIAS'),
('0303080094', 'TRATAMENTO DE OUTRAS AFECÇÕES DA PELE E DO TECIDO SUBCUTÂNEO'),
('0303090138', 'TRATAMENTO CONSERVADOR DE FRATURA / LESAO LIGAMENTAR / ARRANCAMENTO OSSEO AO NIVEL DA PELVE'),
('0303090197', 'TRATAMENTO CONSERVADOR DE FRATURA DOS ANEIS PELVICOS'),
('0303090235', 'TRATAMENTO CONSERVADOR DE LESAO DA COLUNA TORACO-LOMBO-SACRA C/ ORTESE'),
('0303090316', 'TRATAMENTO DAS POLIARTROPATIAS INFLAMATORIAS'),
('0303100010', 'TRATAMENTO DE COMPLICACOES RELACIONADAS PREDOMINANTEMENTE AO PUERPERIO'),
('0303100028', 'TRATAMENTO DE ECLAMPSIA'),
('0303100036', 'TRATAMENTO DE EDEMA, PROTEINURIA E TRANSTORNOS HIPERTENSIVOS NA GRAVIDEZ PARTO E PUERPERIO'),
('0303100044', 'TRATAMENTO DE INTERCORRENCIAS CLINICAS NA GRAVIDEZ'),
('0303100052', 'TRATAMENTO DE MOLA HIDATIFORME'),
('0303110015', 'TRATAMENTO DAS MALFORMACOES E DEFORMIDADES CONGENITAS DO SISTEMA OSTEOMUSCULAR'),
('0303110023', 'TRATAMENTO DE ANOMALIAS CROMOSSOMICAS NAO CLASSIFICADAS EM OUTRA PARTE'),
('0303110031', 'TRATAMENTO DE ESPINHA BIFIDA'),
('0303110040', 'TRATAMENTO DE MALFORMACOES CONGENITAS DO APARELHO CIRCULATORIO'),
('0303110058', 'TRATAMENTO DE FENDA LABIAL E/OU FENDA PALATINA'),
('0303110066', 'TRATAMENTO DE MALFORMACOES CONGENITAS DO APARELHO URINARIO'),
('0303110074', 'TRATAMENTO DE MALFORMACOES CONGENITAS DOS ORGAOS GENITAIS'),
('0303110082', 'TRATAMENTO DE NEUROFIBROMATOSE'),
('0303110090', 'TRATAMENTO DE OUTRAS ANOMALIAS CONGENITAS DO SISTEMA NERVOSO'),
('0303110104', 'TRATAMENTO DE OUTRAS MALFORMACOES CONGENITAS'),
('0303110112', 'TRATAMENTO DE OUTRAS MALFORMACOES CONGENITAS DO APARELHO DIGESTIVO'),
('0303130016', 'ATENDIMENTO A PACIENTE SOB CUIDADOS PROLONGADOS DEVIDO A CAUSAS EXTERNAS'),
('0303130024', 'ATENDIMENTO A PACIENTE SOB CUIDADOS PROLONGADOS POR ENFERMIDADES CARDIOVASCULARES'),
('0303130032', 'ATENDIMENTO A PACIENTE SOB CUIDADOS PROLONGADOS POR ENFERMIDADES PNEUMOLOGICAS'),
('0303130040', 'TRATAMENTO DE PACIENTE SOB CUIDADOS PROLONGADOS POR ENFERMIDADES DECORRENTES DA AIDS'),
('0303130059', 'TRATAMENTO DE PACIENTE SOB CUIDADOS PROLONGADOS POR ENFERMIDADES NEUROLOGICAS'),
('0303130067', 'TRATAMENTO DE PACIENTE SOB CUIDADOS PROLONGADOS POR ENFERMIDADES ONCOLOGICAS'),
('0303130075', 'TRATAMENTO DE PACIENTE SOB CUIDADOS PROLONGADOS POR ENFERMIDADES OSTEOMUSCULARES E DO TECIDO CONJUNTIVO'),
('0303130083', 'TRATAMENTO DE PACIENTES SOB CUIDADOS PROLONGADOS EM HANSENIASE'),
('0303140020', 'TRATAMENTO DA FIBROSE CISTICA COM MANIFESTACOES PULMONARES'),
('0303140038', 'TRATAMENTO DAS AFECCOES NECROTICAS E SUPURATIVAS DAS VIAS AEREAS INFERIORES'),
('0303140046', 'TRATAMENTO DAS DOENCAS CRONICAS DAS VIAS AEREAS INFERIORES'),
('0303140054', 'TRATAMENTO DAS DOENCAS PULMONARES DEVIDO A AGENTES EXTERNOS'),
('0303140062', 'TRATAMENTO DE CARDIOPATIA PULMONAR NAO ESPECIFICADA (COR PULMONALE)'),
('0303140070', 'TRATAMENTO DE DOENÇA DO OUVIDO EXTERNO MÉDIO E DA MASTÓIDE'),
('0303140089', 'TRATAMENTO DE DOENÇAS RESPIRATÓRIAS QUE AFETAM PRINCIPALMENTE O INTERSTÍCIO'),
('0303140097', 'TRATAMENTO DE HEMORRAGIAS DAS VIAS RESPIRATÓRIAS'),
('0303140100', 'TRATAMENTO DE INFECCOES AGUDAS DAS VIAS AEREAS SUPERIORES'),
('0303140119', 'TRATAMENTO DE OUTRAS DOENCAS DA PLEURA'),
('0303140127', 'TRATAMENTO DE OUTRAS DOENCAS DAS VIAS AEREAS SUPERIORES'),
('0303140135', 'TRATAMENTO DE OUTRAS DOENCAS DO APARELHO RESPIRATORIO'),
('0303140143', 'TRATAMENTO DE OUTRAS INFECCOES AGUDAS DAS VIAS AEREAS INFERIORES'),
('0303140151', 'TRATAMENTO DE PNEUMONIAS OU INFLUENZA (GRIPE)'),
('0303150017', 'TRATAMENTO DE DOENCAS DOS ORGAOS GENITAIS MASCULINOS'),
('0303150025', 'TRATAMENTO DE DOENCAS GLOMERULARES'),
('0303150033', 'TRATAMENTO DE DOENCAS INFLAMATORIAS DOS ORGAOS PELVICOS FEMININOS'),
('0303150041', 'TRATAMENTO DE DOENCAS RENAIS TUBULO-INTERSTICIAIS'),
('0303150050', 'TRATAMENTO DE OUTRAS DOENCAS DO APARELHO URINARIO'),
('0303150068', 'TRATAMENTO DE OUTROS TRANSTORNOS DO RIM E DO URETER'),
('0303160012', 'TRATAMENTO DE ENTERITE NECROSANTE DO FETO E DO RECEM-NASCIDO'),
('0303160020', 'TRATAMENTO DE INFECCOES ESPECIFICAS DO PERIODO PERINATAL'),
('0303160039', 'TRATAMENTO DE OUTROS TRANSTORNOS ORIGINADOS NO PERIODO PERINATAL'),
('0303160047', 'TRATAMENTO DE TRANSTORNOS HEMORRAGICOS E HEMATOLOGICOS DO FETO E DO RECEM-NASCIDO'),
('0303160055', 'TRATAMENTO DE TRANSTORNOS RELACIONADOS C/ A DURACAO DA GESTACAO E C/ O CRESCIMENTO FETAL'),
('0303160063', 'TRATAMENTO DE TRANSTORNOS RESPIRATORIOS E CARDIOVASCULARES ESPECIFICOS DO PERIODO NEONATAL'),
('0303160071', 'TRATAMENTO DE TRAUMATISMO DE PARTO NO NEONATO'),
('0303170093', 'TRATAMENTO EM PSIQUIATRIA (POR DIA)'),
('0303170131', 'TRATAMENTO CLÍNICO EM SAÚDE MENTAL EM SITUAÇÃO DE RISCO ELEVADO DE SUICÍDIO.'),
('0303170140', 'TRATAMENTO CLÍNICO PARA CONTENÇÃO DE COMPORTAMENTO DESORGANIZADO E/OU DISRUPTIVO'),
('0303170158', 'TRATAMENTO CLÍNICO PARA AVALIAÇÃO DIAGNÓSTICA E ADEQUAÇÃO TERAPÊUTICA, INCLUINDO NECESSIDADES DE SAÚDE DECORRENTES DO USO DE ÁLCOOL E OUTRAS DROGAS'),
('0303170166', 'TRATAMENTO CLÍNICO DE TRANSTORNOS MENTAIS E COMPORTAMENTAIS DEVIDO AO USO DE ÁLCOOL'),
('0303170174', 'TRATAMENTO CLÍNICO DE TRANSTORNOS MENTAIS E COMPORTAMENTAIS DEVIDO AO USO DE CRACK.'),
('0303170182', 'TRATAMENTO CLÍNICO DOS TRANSTORNOS MENTAIS E COMPORTAMENTAIS DEVIDO AO USO DAS DEMAIS DROGAS E/OU OUTRAS SUBSTÂNCIAS PSICOATIVAS'),
('0303170190', 'TRATAMENTO EM PSIQUIATRIA DE CURTA PERMANENCIA POR DIA (PERMANENCIA ATÉ 90 DIAS)'),
('0303170204', 'TRATAMENTO EM PSIQUIATRIA POR DIA (COM DURAÇÃO SUPERIOR A 90 DIAS DE INTERNAÇÃO OU REINTERNAÇÃO ANTES DE 30 DIAS)'),
('0303180013', 'TRATAMENTO DE AFECÇÕES ASSOCIADAS AO HIV/AIDS'),
('0303180030', 'TRATAMENTO DE AFECÇÕES DO APARELHO DIGESTIVO EM HIV/AIDS'),
('0303180048', 'TRATAMENTO DE AFECÇÕES DO SISTEMA NERVOSO EM HIV/AIDS'),
('0303180056', 'TRATAMENTO DE AFECÇÕES DO SISTEMA RESPIRATÓRIO EM HIV/AIDS'),
('0303180064', 'TRATAMENTO DE DOENÇAS DISSEMINADAS EM AIDS'),
('0303190019', 'TRATAMENTO EM REABILITACAO'),
('0304010111', 'INTERNACAO P/ RADIOTERAPIA EXTERNA (COBALTOTERAPIA / ACELERADOR LINEAR)'),
('0304010359', 'INTERNAÇÃO PARA RADIOTERAPIA ESTEREOTÁXICA DO SISTEMA NERVOSO CENTRAL'),
('0304010499', 'BRAQUITERAPIA OFTÁLMICA'),
('0304010596', 'INTERNAÇÃO PARA BRAQUITERAPIA'),
('0304080020', 'INTERNAÇÃO P/ QUIMIOTERAPIA DE ADMINISTRAÇÃO CONTÍNUA'),
('0304080039', 'INTERNAÇÃO P/ QUIMIOTERAPIA DE LEUCEMIAS AGUDAS / CRÔNICAS AGUDIZADAS'),
('0304080047', 'QUIMIOTERAPIA INTRA-ARTERIAL'),
('0304080063', 'QUIMIOTERAPIA INTRACAVITARIA'),
('0304090018', 'IODOTERAPIA DE CARCINOMA DIFERENCIADO DA TIREÓIDE (150 MCI)'),
('0304090026', 'IODOTERAPIA DE CARCINOMA DIFERENCIADO DA TIREÓIDE (100 MCI)'),
('0304090034', 'IODOTERAPIA DE CARCINOMA DIFERENCIADO DA TIREÓIDE (200 MCI)'),
('0304090042', 'IODOTERAPIA DE CARCINOMA DIFERENCIADO DA TIREÓIDE (250 MCI)'),
('0304100013', 'TRATAMENTO DE INTERCORRÊNCIAS CLÍNICAS DE PACIENTE ONCOLÓGICO'),
('0304100021', 'TRATAMENTO CLÍNICO DE PACIENTE ONCOLÓGICO'),
('0305010174', 'TRATAMENTO DE INTERCORRÊNCIA EM PACIENTE RENAL CRÔNICO SOB TRATAMENTO DIALÍTICO ( POR DIA)'),
('0305020013', 'TRATAMENTO DA PIELONEFRITE'),
('0305020021', 'TRATAMENTO DE CALCULOSE RENAL'),
('0305020030', 'TRATAMENTO DE HIPERTENSÃO NEFROGENA E RENOVASCULAR'),
('0305020048', 'TRATAMENTO DE INSUFICIÊNCIA RENAL AGUDA'),
('0305020056', 'TRATAMENTO DA DOENÇA RENAL CRÔNICA - DRC'),
('0308010019', 'TRATAMENTO CLÍNICO/CONSERVADOR DE TRAUMATISMOS DE QUALQUER LOCALIZAÇÃO'),
('0308010027', 'TRATAMENTO DE EFEITOS DE ASFIXÍA / OUTROS RISCOS A RESPIRAÇÃO'),
('0308010035', 'TRATAMENTO DE TRAUMATISMOS C/ LESAO DE ORGAO INTRA-TORACICO E INTRA-ABDOMINAL'),
('0308010043', 'TRATAMENTO DE TRAUMATISMOS ENVOLVENDO MULTIPLAS REGIOES DO CORPO'),
('0308020022', 'TRATAMENTO DE EFEITOS DO CONTATO C/ ANIMAIS E PLANTAS VENENOSOS'),
('0308020030', 'TRATAMENTO DE INTOXICACAO OU ENVENENAMENTO POR EXPOSICAO A MEDICAMENTO E SUBSTANCIAS DE USO NAO MEDICINAL'),
('0308030010', 'TRATAMENTO DE EFEITOS DA PENETRACAO DE CORPO ESTRANHO EM ORIFICIO NATURAL'),
('0308030028', 'TRATAMENTO DE EFEITOS DE OUTRAS CAUSAS EXTERNAS'),
('0308030036', 'TRATAMENTO DE QUEIMADURAS CORROSOES E GELADURAS'),
('0308040015', 'TRATAMENTO DE COMPLICACOES DE PROCEDIMENTOS CIRURGICOS OU CLINICOS'),
('0308040023', 'TRATAMENTO DE EVENTOS ADVERSOS POS-VACINAIS'),
('0309080010', 'TRATAMENTO COM INFUSÃO DE TERAPIA GÊNICA- ONASEMNOGENO ABEPARVOVEQUE'),
('0310010039', 'PARTO NORMAL'),
('0310010047', 'PARTO NORMAL EM GESTAÇÃO DE ALTO RISCO'),
('0310010055', 'PARTO NORMAL EM CENTRO DE PARTO NORMAL (CPN)');

-- Tabela CID
INSERT INTO CID (cid_codigo, cid_descricao) VALUES
('A00', 'Cólera'),
('B01', 'Varicela'),
('C02', 'Neoplasia Maligna'),
('D03', 'Melanoma'),
('E04', 'Doenças da tireoide'),
('F05', 'Delírio não induzido por álcool');

-- Tabela Procedimento_Cids
INSERT INTO Procedimento_Cids (pro_id, cid_id) VALUES
(1, 1),
(2, 2),
(3, 3),
(4, 4),
(5, 5),
(6, 6);

-- Tabela Laudo
INSERT INTO Laudo (atend_id, cli_id, proc_cid_id, lau_sinais, lau_internacao, lau_resultado, lau_recurso, lau_datapreenc, lau_status) VALUES
(1, 1, 1, 'Dor no peito', 'Internado', 'ECG alterado', 'Solicitado cateterismo', '2025-10-10 13:00:00', 1),
(2, 2, 2, 'Febre alta', 'Internado', 'Varicela confirmada', 'Isolamento', '2025-10-10 13:10:00', 1),
(3, 3, 3, 'Massa tumoral', 'Internado', 'Neoplasia detectada', 'Encaminhado para oncologia', '2025-10-10 13:20:00', 1),
(4, 4, 4, 'Lesão pigmentada', 'Internado', 'Melanoma confirmado', 'Cirurgia agendada', '2025-10-10 13:30:00', 1),
(5, 5, 5, 'Nódulo tireoidiano', 'Internado', 'Doença tireoidiana', 'Tratamento clínico', '2025-10-10 13:40:00', 1),
(6, 6, 6, 'Confusão mental', 'Internado', 'Delírio diagnosticado', 'Avaliação psiquiátrica', '2025-10-10 13:50:00', 1);

-- Tabela Favorito
INSERT INTO Favorito (lau_id, med_id, fav_nome) VALUES
(1, 1, 'PNEUMONIA'),
(2, 2, 'DENGUE'),
(3, 3, 'SEPTICEMIA'),
(4, 4, 'COLECISTECTOMIA'),
(5, 5, 'HERNIOPLASTIA UMBILICAL'),
(6, 6, 'HERNIOPLASTIA EPIGASTRICA');